,Time Delta,SOC Delta,SOH,Activity,Average Power,Id,Unique Data Identifier,temperature,Visibility,Wind Speed
0,7.88,3.0,83,takeoff,57.27,5367,0,41.0,9.0,9
1,2.44,10.5,83,climb,48.63,5367,1,42.8,9.0,8
2,0.0,0.0,83,cruise,49.78,5367,2,42.8,9.0,8
3,0.0,0.0,83,climb,49.72,5367,3,41.0,9.0,9
4,0.0,0.0,83,cruise,49.64,5367,4,42.8,9.0,8
5,0.0,0.0,83,climb,49.81,5367,5,39.2,9.0,11
6,4.3,12.0,83,cruise,30.62,5367,6,41.0,9.0,9
7,0.0,0.0,83,slow flight,1.86,5367,7,41.0,9.0,9
8,0.38,0.38,83,power off stall,0.18,5367,8,39.2,9.0,11
9,0.0,0.0,83,slow flight,12.25,5367,9,39.2,9.0,11
10,0.02,0.0,83,cruise,32.61,5367,10,41.0,9.0,9
11,0.08,0.0,83,climb,42.76,5367,11,39.2,9.0,11
12,0.68,1.5,83,cruise,23.19,5367,12,41.0,9.0,9
13,0.62,0.58,83,slow flight,12.36,5367,13,42.8,9.0,8
14,0.06,0.5,83,climb,33.91,5367,14,42.8,9.0,8
15,0.44,1.0,83,cruise,26.98,5367,15,42.8,9.0,8
16,0.36,0.0,83,slow flight,10.45,5367,16,42.8,9.0,8
17,0.06,0.5,83,power off stall,1.6,5367,17,41.0,9.0,9
18,0.3,0.5,83,slow flight,11.2,5367,18,42.8,9.0,8
19,0.02,0.0,83,steep turns,23.17,5367,19,41.0,9.0,9
20,0.62,1.0,83,cruise,20.93,5367,20,39.2,9.0,11
21,0.02,0.0,83,steep turns,20.0,5367,21,42.8,9.0,8
22,0.5,1.0,83,cruise,19.03,5367,22,42.8,9.0,8
23,0.0,0.0,83,slow flight,7.03,5367,23,39.2,9.0,11
24,4.5,9.0,83,cruise,22.25,5367,24,41.0,9.0,9
25,5.8,9.0,83,cruise,15.99,5367,25,41.0,9.0,9
26,0.0,0.0,83,climb,24.45,5367,26,42.8,9.0,8
27,0.0,0.0,83,cruise,10.11,5367,27,42.8,9.0,8
28,0.18,0.0,83,descent,0.63,5367,28,42.8,9.0,8
29,0.78,0.0,83,cruise,4.6,5367,29,39.2,9.0,11
30,0.18,0.83,83,landing,0.69,5367,30,42.8,9.0,8
31,0.38,0.0,83,cruise,9.77,5367,31,42.8,9.0,8
32,1.34,0.0,83,landing,2.83,5367,32,42.8,9.0,8
33,14.56,7.0,84,takeoff,51.84,5362,33,50.0,9.0,14
34,0.0,0.0,84,climb,47.25,5362,34,50.0,9.0,14
35,0.12,0.0,84,takeoff,48.18,5362,35,50.0,9.0,14
36,2.46,9.54,84,climb,44.45,5362,36,50.0,9.0,14
37,1.32,3.29,84,cruise,25.31,5362,37,50.0,9.0,14
38,3.36,7.0,84,cruise,24.53,5362,38,50.0,9.0,14
39,0.24,1.0,84,climb,26.0,5362,39,50.0,9.0,14
40,0.12,0.0,84,cruise,25.48,5362,40,50.0,9.0,14
41,0.0,0.0,84,climb,25.33,5362,41,50.0,9.0,14
42,0.02,0.0,84,cruise,24.83,5362,42,50.0,9.0,14
43,0.02,0.0,84,climb,25.0,5362,43,50.0,9.0,14
44,0.76,2.0,84,cruise,16.31,5362,44,50.0,9.0,14
45,0.42,1.0,84,climb,30.1,5362,45,50.0,9.0,14
46,3.32,7.0,84,cruise,23.4,5362,46,50.0,9.0,14
47,0.56,0.0,84,descent,0.04,5362,47,50.0,9.0,14
48,2.0,0.0,84,landing,0.12,5362,48,50.0,9.0,14
49,0.04,0.0,84,takeoff,2.86,5362,49,50.0,9.0,14
50,0.32,0.46,84,landing,1.54,5362,50,50.0,9.0,14
51,1.26,4.96,84,takeoff,51.0,5362,51,50.0,9.0,14
52,0.44,1.88,84,climb,44.14,5362,52,50.0,9.0,14
53,0.02,0.0,84,cruise,22.67,5362,53,50.0,9.0,14
54,0.08,0.5,84,landing,20.58,5362,54,50.0,9.0,14
55,0.0,0.0,84,cruise,31.0,5362,55,50.0,9.0,14
56,0.0,0.0,84,climb,30.17,5362,56,50.0,9.0,14
57,0.0,0.0,84,cruise,30.75,5362,57,50.0,9.0,14
58,0.02,0.0,84,climb,27.12,5362,58,50.0,9.0,14
59,0.08,0.5,84,cruise,22.85,5362,59,50.0,9.0,14
60,0.1,0.5,84,landing,22.93,5362,60,50.0,9.0,14
61,0.0,0.0,84,cruise,26.0,5362,61,50.0,9.0,14
62,0.0,0.0,84,landing,25.25,5362,62,50.0,9.0,14
63,0.18,0.5,84,cruise,25.19,5362,63,50.0,9.0,14
64,0.0,0.0,84,landing,24.67,5362,64,50.0,9.0,14
65,0.0,0.0,84,cruise,24.25,5362,65,50.0,9.0,14
66,0.06,0.5,84,landing,24.44,5362,66,50.0,9.0,14
67,0.06,0.0,84,cruise,21.81,5362,67,50.0,9.0,14
68,1.96,1.0,84,landing,0.63,5362,68,50.0,9.0,14
69,0.0,0.0,84,takeoff,0.0,5362,69,50.0,9.0,14
70,17.52,5.0,83,takeoff,57.19,5205,70,59.0,9.0,10
71,0.12,0.88,83,climb,49.27,5205,71,57.2,9.0,5
72,0.04,0.0,83,takeoff,50.56,5205,72,57.2,9.0,5
73,3.12,12.67,83,climb,47.4,5205,73,57.2,9.0,5
74,0.0,0.0,83,cruise,48.71,5205,74,57.2,9.0,5
75,0.0,0.0,83,climb,49.0,5205,75,59.0,9.0,10
76,1.26,5.0,83,cruise,46.73,5205,76,57.2,9.0,5
77,0.3,1.0,83,steep turns,45.09,5205,77,59.0,9.0,10
78,0.16,1.0,83,cruise,24.22,5205,78,57.2,9.0,5
79,0.44,1.0,83,cruise,23.54,5205,79,59.0,9.0,10
80,0.14,0.0,83,steep turns,23.0,5205,80,57.2,9.0,5
81,0.14,0.71,83,cruise,23.35,5205,81,59.0,9.0,10
82,0.1,0.0,83,steep turns,23.03,5205,82,59.0,9.0,10
83,0.4,1.0,83,slow flight,21.02,5205,83,57.2,9.0,5
84,0.5,1.0,83,steep turns,26.54,5205,84,57.2,9.0,5
85,0.38,1.0,83,slow flight,19.31,5205,85,57.2,9.0,5
86,1.46,3.0,83,steep turns,28.37,5205,86,59.0,9.0,10
87,0.08,0.5,83,slow flight,29.42,5205,87,57.2,9.0,5
88,0.68,1.3,83,steep turns,29.74,5205,88,57.2,9.0,5
89,0.06,0.12,83,slow flight,10.35,5205,89,57.2,9.0,5
90,0.52,0.0,83,power off stall,0.2,5205,90,59.0,9.0,10
91,0.02,0.0,83,slow flight,22.09,5205,91,57.2,9.0,5
92,0.12,0.0,83,steep turns,28.61,5205,92,57.2,9.0,5
93,0.04,0.0,83,slow flight,22.36,5205,93,59.0,9.0,10
94,0.04,0.5,83,steep turns,26.97,5205,94,59.0,9.0,10
95,0.2,0.5,83,slow flight,12.9,5205,95,59.0,9.0,10
96,0.18,0.0,83,steep turns,21.78,5205,96,59.0,9.0,10
97,0.1,0.0,83,slow flight,5.46,5205,97,57.2,9.0,5
98,0.36,0.5,83,power off stall,0.48,5205,98,59.0,9.0,10
99,0.2,0.5,83,slow flight,17.85,5205,99,59.0,9.0,10
100,0.08,0.0,83,steep turns,24.09,5205,100,57.2,9.0,5
101,0.24,0.0,83,slow flight,5.51,5205,101,59.0,9.0,10
102,0.38,0.0,83,power off stall,0.28,5205,102,59.0,9.0,10
103,1.06,1.5,83,slow flight,14.89,5205,103,57.2,9.0,5
104,0.2,0.5,83,steep turns,25.58,5205,104,57.2,9.0,5
105,0.12,0.0,83,slow flight,10.3,5205,105,59.0,9.0,10
106,0.74,1.5,83,steep turns,23.74,5205,106,59.0,9.0,10
107,0.78,0.86,83,slow flight,9.9,5205,107,59.0,9.0,10
108,0.04,0.46,83,steep turns,16.6,5205,108,59.0,9.0,10
109,0.66,0.5,83,slow flight,14.49,5205,109,59.0,9.0,10
110,1.3,0.5,83,descent,1.83,5205,110,57.2,9.0,5
111,3.04,5.0,83,cruise,20.42,5205,111,59.0,9.0,10
112,2.08,1.0,83,descent,0.92,5205,112,59.0,9.0,10
113,0.78,1.0,83,cruise,23.25,5205,113,57.2,9.0,5
114,0.04,0.0,83,climb,24.97,5205,114,59.0,9.0,10
115,0.24,1.0,83,cruise,21.27,5205,115,57.2,9.0,5
116,0.7,0.5,83,descent,3.42,5205,116,59.0,9.0,10
117,10.7,3.5,82,takeoff,59.18,5127,117,44.6,9.0,8
118,0.94,3.5,82,climb,46.87,5127,118,44.6,9.0,8
119,1.46,3.0,82,cruise,17.54,5127,119,44.6,9.0,9
120,1.52,0.5,82,landing,1.71,5127,120,44.6,9.0,9
121,0.64,2.25,82,takeoff,59.76,5127,121,44.6,9.0,8
122,1.1,4.5,82,climb,43.61,5127,122,44.6,9.0,9
123,1.42,3.5,82,cruise,23.45,5127,123,44.6,9.0,9
124,1.88,0.5,82,landing,0.97,5127,124,44.6,9.0,9
125,0.04,0.0,82,takeoff,19.2,5127,125,44.6,9.0,9
126,0.66,0.5,82,landing,4.18,5127,126,44.6,9.0,9
127,0.58,1.79,82,takeoff,55.17,5127,127,44.6,9.0,9
128,1.26,5.25,82,climb,42.52,5127,128,44.6,9.0,8
129,1.24,3.0,82,cruise,25.49,5127,129,44.6,9.0,9
130,2.42,1.0,82,landing,1.47,5127,130,44.6,9.0,9
131,0.66,2.0,82,takeoff,52.83,5127,131,44.6,9.0,9
132,0.0,0.0,82,climb,48.33,5127,132,44.6,9.0,8
133,0.0,0.0,82,takeoff,48.89,5127,133,44.6,9.0,8
134,0.96,4.5,82,climb,47.7,5127,134,44.6,9.0,8
135,1.16,3.0,82,cruise,25.53,5127,135,44.6,9.0,9
136,1.96,1.0,82,landing,1.17,5127,136,44.6,9.0,9
137,0.06,0.0,82,takeoff,17.73,5127,137,44.6,9.0,8
138,0.5,0.0,82,landing,1.19,5127,138,44.6,9.0,9
139,0.72,3.0,82,takeoff,57.63,5127,139,44.6,9.0,9
140,0.86,4.0,82,climb,53.01,5127,140,44.6,9.0,9
141,1.12,3.5,82,cruise,25.35,5127,141,44.6,9.0,8
142,0.24,0.5,82,descent,0.56,5127,142,44.6,9.0,8
143,8.3,4.0,80,takeoff,60.36,5117,143,48.2,9.0,3
144,1.72,8.0,80,climb,51.44,5117,144,48.2,9.0,3
145,3.62,8.21,80,cruise,25.5,5117,145,48.2,9.0,2
146,1.4,5.0,80,climb,42.8,5117,146,48.2,9.0,3
147,0.06,0.0,80,cruise,40.79,5117,147,48.2,9.0,3
148,0.0,0.0,80,climb,42.58,5117,148,48.2,9.0,3
149,0.1,0.5,80,cruise,40.42,5117,149,48.2,9.0,2
150,0.1,0.21,80,climb,44.4,5117,150,48.2,9.0,2
151,0.42,1.0,80,cruise,24.41,5117,151,48.2,9.0,3
152,0.04,0.04,80,slow flight,0.0,5117,152,48.2,9.0,2
153,0.32,0.12,80,power off stall,0.37,5117,153,48.2,9.0,3
154,0.0,0.0,80,slow flight,19.71,5117,154,48.2,9.0,2
155,0.3,0.0,80,cruise,17.69,5117,155,48.2,9.0,3
156,0.28,1.0,80,climb,46.24,5117,156,48.2,9.0,3
157,6.86,14.0,80,cruise,22.21,5117,157,48.2,9.0,3
158,0.9,1.0,80,descent,0.54,5117,158,48.2,9.0,2
159,1.08,1.0,80,cruise,17.06,5117,159,48.2,9.0,3
160,2.16,4.0,80,cruise,21.77,5117,160,48.2,9.0,3
161,0.62,1.0,80,descent,0.02,5117,161,48.2,9.0,3
162,1.28,0.0,80,landing,0.37,5117,162,48.2,9.0,2
163,0.74,3.0,80,takeoff,57.72,5117,163,48.2,9.0,3
164,0.84,4.0,80,climb,49.78,5117,164,48.2,9.0,3
165,3.72,9.5,80,cruise,25.15,5117,165,48.2,9.0,2
166,0.04,0.04,80,descent,20.74,5117,166,48.2,9.0,3
167,0.0,0.0,80,cruise,20.54,5117,167,48.2,9.0,2
168,0.04,0.0,80,descent,20.15,5117,168,48.2,9.0,3
169,0.38,1.0,80,cruise,22.18,5117,169,48.2,9.0,2
170,1.12,0.5,80,descent,0.1,5117,170,48.2,9.0,2
171,0.14,0.0,80,landing,1.2,5117,171,48.2,9.0,3
172,0.0,0.0,80,descent,7.5,5117,172,48.2,9.0,2
173,7.7,4.5,80,takeoff,61.09,5116,173,48.2,9.0,3
174,1.48,7.0,80,climb,48.54,5116,174,48.2,9.0,3
175,8.34,18.0,80,cruise,23.66,5116,175,48.2,9.0,3
176,5.18,10.0,80,cruise,21.34,5116,176,48.2,9.0,3
177,0.04,0.04,80,descent,0.0,5116,177,48.2,9.0,3
178,0.68,0.5,80,cruise,0.0,5116,178,48.2,9.0,3
179,1.06,0.0,80,landing,1.01,5116,179,48.2,9.0,3
180,0.52,1.0,80,takeoff,53.08,5116,180,48.2,9.0,3
181,1.06,4.71,80,climb,47.7,5116,181,48.2,9.0,3
182,0.7,2.33,80,cruise,22.04,5116,182,48.2,9.0,3
183,0.82,0.5,80,descent,0.0,5116,183,48.2,9.0,3
184,11.48,4.0,90,takeoff,60.39,5064,184,60.8,9.0,7
185,14.68,35.5,90,climb,28.06,5064,185,60.8,9.0,7
186,0.66,2.25,90,takeoff,57.68,5064,186,60.8,9.0,7
187,1.66,6.0,90,climb,41.69,5064,187,60.8,9.0,7
188,0.64,2.0,90,takeoff,56.68,5064,188,60.8,9.0,7
189,1.8,7.0,90,climb,37.71,5064,189,60.8,9.0,7
190,10.02,4.0,90,takeoff,55.32,5074,190,64.4,9.0,9
191,1.44,6.0,90,climb,47.42,5074,191,64.4,9.0,8
192,11.6,23.5,90,cruise,22.64,5074,192,64.4,9.0,9
193,4.58,8.0,90,cruise,21.26,5074,193,64.4,9.0,9
194,2.12,2.0,90,landing,4.39,5074,194,64.4,9.0,9
195,0.7,2.0,90,takeoff,56.8,5074,195,64.4,9.0,8
196,0.78,3.79,90,climb,46.73,5074,196,64.4,9.0,9
197,1.1,2.5,90,cruise,20.73,5074,197,64.4,9.0,9
198,0.22,0.5,90,landing,5.42,5074,198,64.4,9.0,9
199,0.12,0.0,90,cruise,8.46,5074,199,64.4,9.0,8
200,8.14,5.0,90,takeoff,55.35,5071,200,66.2,9.0,9
201,1.06,4.0,90,climb,43.12,5071,201,66.2,9.0,9
202,1.22,2.5,90,cruise,14.17,5071,202,66.2,9.0,9
203,1.82,0.0,90,landing,0.4,5071,203,66.2,9.0,9
204,0.64,2.0,90,takeoff,54.69,5071,204,66.2,9.0,9
205,1.02,4.0,90,climb,43.36,5071,205,66.2,9.0,9
206,0.82,2.0,90,cruise,19.3,5071,206,66.2,9.0,9
207,8.14,5.0,90,takeoff,55.35,5072,207,66.2,9.0,9
208,1.06,4.0,90,climb,43.12,5072,208,66.2,9.0,9
209,1.22,2.5,90,cruise,14.17,5072,209,66.2,9.0,9
210,1.82,0.0,90,landing,0.4,5072,210,66.2,9.0,9
211,0.64,2.0,90,takeoff,54.69,5072,211,66.2,9.0,9
212,1.02,4.0,90,climb,43.36,5072,212,66.2,9.0,9
213,0.82,2.0,90,cruise,19.3,5072,213,66.2,9.0,9
214,10.1,3.96,88,takeoff,62.02,5039,214,57.2,9.0,11
215,1.12,4.0,88,climb,47.0,5039,215,57.2,9.0,11
216,0.78,2.0,88,cruise,20.51,5039,216,57.2,9.0,11
217,2.42,1.0,88,landing,0.4,5039,217,53.6,9.0,10
218,0.48,1.0,88,takeoff,62.01,5039,218,57.2,9.0,11
219,1.16,5.5,88,climb,47.88,5039,219,57.2,9.0,11
220,3.72,6.0,88,cruise,17.09,5039,220,53.6,9.0,10
221,2.1,1.0,88,landing,3.54,5039,221,53.6,9.0,10
222,0.62,2.46,88,takeoff,59.98,5039,222,53.6,9.0,10
223,0.94,4.5,88,climb,49.07,5039,223,57.2,9.0,11
224,4.98,9.0,88,cruise,18.86,5039,224,57.2,9.0,11
225,0.06,0.0,88,landing,12.77,5039,225,57.2,9.0,11
226,0.18,0.0,88,cruise,16.64,5039,226,53.6,9.0,10
227,0.0,0.0,88,landing,15.92,5039,227,57.2,9.0,11
228,0.0,0.0,88,cruise,15.67,5039,228,53.6,9.0,10
229,0.06,0.0,88,landing,13.31,5039,229,57.2,9.0,11
230,1.78,1.5,88,landing,4.56,5039,230,57.2,9.0,11
231,0.8,3.5,88,takeoff,58.05,5039,231,57.2,9.0,11
232,0.78,3.0,88,climb,47.07,5039,232,53.6,9.0,10
233,0.96,3.0,88,cruise,18.79,5039,233,53.6,9.0,10
234,2.42,0.0,88,landing,0.66,5039,234,53.6,9.0,10
235,0.76,3.0,88,takeoff,53.83,5039,235,57.2,9.0,11
236,0.8,4.0,88,climb,49.05,5039,236,57.2,9.0,11
237,0.44,1.0,88,cruise,23.66,5039,237,57.2,9.0,11
238,3.42,6.0,88,descent,15.3,5039,238,57.2,9.0,11
239,0.98,1.0,88,cruise,17.39,5039,239,57.2,9.0,11
240,6.1,3.0,84,takeoff,61.62,5037,240,44.6,9.0,5
241,1.12,5.0,84,climb,50.1,5037,241,44.6,9.0,2
242,1.0,3.0,84,climb,34.68,5037,242,44.6,9.0,5
243,0.46,1.5,84,takeoff,58.18,5037,243,44.6,9.0,5
244,1.3,5.5,84,climb,45.08,5037,244,44.6,9.0,5
245,0.56,1.79,84,takeoff,58.09,5037,245,44.6,9.0,5
246,1.16,5.38,84,climb,48.05,5037,246,44.6,9.0,2
247,0.46,1.5,84,takeoff,63.06,5037,247,44.6,9.0,5
248,2.4,8.5,84,climb,38.82,5037,248,44.6,9.0,2
249,0.54,1.96,84,takeoff,53.01,5037,249,44.6,9.0,2
250,3.8,12.0,84,climb,30.39,5037,250,44.6,9.0,2
251,5.96,3.29,94,takeoff,58.43,5096,251,50.0,9.0,8
252,2.84,10.5,94,climb,44.98,5096,252,51.8,9.0,9
253,0.0,0.0,94,cruise,41.42,5096,253,50.0,9.0,8
254,0.0,0.0,94,climb,41.62,5096,254,51.8,9.0,9
255,4.02,7.79,94,cruise,22.75,5096,255,50.0,9.0,8
256,0.54,1.08,94,climb,42.29,5096,256,50.0,9.0,8
257,3.26,6.88,94,cruise,24.75,5096,257,50.0,9.0,8
258,0.26,1.0,94,climb,44.34,5096,258,51.8,9.0,9
259,1.32,3.0,94,cruise,22.33,5096,259,51.8,9.0,9
260,0.48,1.0,94,slow flight,7.13,5096,260,50.0,9.0,8
261,0.08,0.0,94,steep turns,24.29,5096,261,50.0,9.0,8
262,0.04,0.0,94,climb,35.75,5096,262,50.0,9.0,8
263,0.08,0.0,94,steep turns,25.39,5096,263,50.0,9.0,8
264,0.94,1.0,94,slow flight,16.28,5096,264,50.0,9.0,8
265,0.0,0.0,94,steep turns,35.21,5096,265,50.0,9.0,8
266,0.1,1.0,94,climb,45.61,5096,266,50.0,9.0,8
267,2.5,5.0,94,cruise,25.17,5096,267,50.0,9.0,8
268,0.04,0.0,94,steep turns,21.94,5096,268,51.8,9.0,9
269,1.84,3.67,94,cruise,25.82,5096,269,50.0,9.0,8
270,0.08,0.5,94,steep turns,25.42,5096,270,50.0,9.0,8
271,0.64,1.0,94,cruise,23.61,5096,271,50.0,9.0,8
272,0.0,0.0,94,steep turns,21.5,5096,272,51.8,9.0,9
273,0.14,1.0,94,cruise,25.84,5096,273,51.8,9.0,9
274,0.08,0.0,94,steep turns,26.95,5096,274,50.0,9.0,8
275,1.2,2.0,94,cruise,21.77,5096,275,51.8,9.0,9
276,0.36,1.0,94,steep turns,21.31,5096,276,50.0,9.0,8
277,0.08,0.0,94,cruise,22.0,5096,277,50.0,9.0,8
278,0.02,0.0,94,steep turns,22.0,5096,278,51.8,9.0,9
279,0.08,0.5,94,cruise,21.92,5096,279,50.0,9.0,8
280,0.14,0.38,94,steep turns,21.88,5096,280,51.8,9.0,9
281,0.1,0.0,94,cruise,29.29,5096,281,50.0,9.0,8
282,0.0,0.0,94,steep turns,30.12,5096,282,50.0,9.0,8
283,0.0,0.0,94,cruise,30.08,5096,283,50.0,9.0,8
284,0.14,0.54,94,steep turns,30.54,5096,284,50.0,9.0,8
285,0.08,0.46,94,steep turns,30.66,5096,285,50.0,9.0,8
286,0.12,0.0,94,climb,49.54,5096,286,51.8,9.0,9
287,0.1,0.71,94,steep turns,23.31,5096,287,50.0,9.0,8
288,0.1,0.0,94,slow flight,0.7,5096,288,50.0,9.0,8
289,0.36,0.0,94,power off stall,0.17,5096,289,50.0,9.0,8
290,0.0,0.0,94,slow flight,9.05,5096,290,50.0,9.0,8
291,0.06,0.0,94,steep turns,18.82,5096,291,50.0,9.0,8
292,0.0,0.0,94,slow flight,1.71,5096,292,51.8,9.0,9
293,0.34,0.5,94,power off stall,0.27,5096,293,51.8,9.0,9
294,0.0,0.0,94,slow flight,8.62,5096,294,51.8,9.0,9
295,0.06,0.0,94,steep turns,23.01,5096,295,50.0,9.0,8
296,0.0,0.0,94,climb,30.88,5096,296,51.8,9.0,9
297,0.0,0.0,94,steep turns,29.04,5096,297,51.8,9.0,9
298,1.16,1.86,94,cruise,19.7,5096,298,51.8,9.0,9
299,2.92,3.0,94,descent,12.92,5096,299,51.8,9.0,9
300,0.22,0.5,94,cruise,13.99,5096,300,51.8,9.0,9
301,0.28,0.5,94,descent,13.14,5096,301,51.8,9.0,9
302,0.02,0.0,94,cruise,14.88,5096,302,51.8,9.0,9
303,0.0,0.0,94,descent,14.67,5096,303,51.8,9.0,9
304,0.96,1.5,94,cruise,19.64,5096,304,50.0,9.0,8
305,0.98,0.5,94,descent,3.75,5096,305,51.8,9.0,9
306,1.08,4.0,92,takeoff,52.01,5034,306,57.2,9.0,10
307,2.38,9.12,92,climb,43.45,5034,307,55.4,9.0,9
308,4.58,8.0,92,cruise,20.31,5034,308,57.2,9.0,10
309,0.94,1.0,92,power off stall,0.0,5034,309,57.2,9.0,10
310,0.24,0.0,92,power off stall,2.48,5034,310,57.2,9.0,10
311,1.28,3.0,92,climb,29.54,5034,311,57.2,9.0,10
312,0.78,2.0,92,power on stall,21.67,5034,312,57.2,9.0,10
313,1.28,1.0,92,power off stall,0.95,5034,313,55.4,9.0,9
314,1.08,3.0,92,climb,34.55,5034,314,57.2,9.0,10
315,0.88,1.0,92,steep turns,12.35,5034,315,57.2,9.0,10
316,3.16,8.0,92,cruise,27.26,5034,316,57.2,9.0,10
317,3.38,3.0,92,descent,9.14,5034,317,57.2,9.0,10
318,1.18,1.0,92,landing,3.69,5034,318,55.4,9.0,9
319,0.68,2.0,92,takeoff,53.64,5034,319,55.4,9.0,9
320,0.78,3.0,92,climb,47.05,5034,320,55.4,9.0,9
321,1.18,3.0,92,cruise,22.33,5034,321,55.4,9.0,9
322,0.88,2.0,92,takeoff,50.85,5021,322,53.6,9.0,7
323,2.28,8.5,92,climb,47.08,5021,323,48.2,9.0,3
324,7.28,11.5,92,cruise,18.01,5021,324,53.6,9.0,7
325,4.08,7.12,92,slow flight,20.42,5021,325,53.6,9.0,7
326,0.78,0.0,92,descent,0.23,5021,326,53.6,9.0,7
327,3.38,5.0,92,slow flight,17.87,5021,327,48.2,9.0,3
328,1.08,4.0,92,climb,44.37,5021,328,53.6,9.0,7
329,0.28,0.0,92,power off stall,3.6,5021,329,48.2,9.0,3
330,0.48,0.0,92,power on stall,14.17,5021,330,48.2,9.0,3
331,1.78,3.0,92,cruise,18.74,5021,331,48.2,9.0,3
332,1.34,3.0,92,steep turns,24.4,5021,332,48.2,9.0,3
333,0.62,2.0,92,steep turns,28.72,5021,333,53.6,9.0,7
334,2.98,6.0,92,cruise,20.06,5021,334,53.6,9.0,7
335,2.78,3.0,92,descent,12.06,5021,335,53.6,9.0,7
336,0.78,3.0,96,takeoff,57.99,5019,336,44.6,9.0,2
337,2.38,8.71,96,climb,45.24,5019,337,44.6,9.0,2
338,5.48,9.04,96,cruise,19.07,5019,338,44.6,9.0,3
339,2.78,7.0,96,climb,32.89,5019,339,44.6,9.0,3
340,1.78,1.0,96,descent,9.95,5019,340,44.6,9.0,3
341,0.52,1.5,96,climb,41.57,5019,341,44.6,9.0,2
342,0.78,1.04,96,descent,11.41,5019,342,44.6,9.0,3
343,2.48,5.0,96,steep turns,23.51,5019,343,44.6,9.0,2
344,0.88,3.0,96,climb,35.54,5019,344,44.6,9.0,3
345,1.28,2.0,96,descent,14.94,5019,345,44.6,9.0,3
346,0.68,2.0,96,steep turns,29.23,5019,346,44.6,9.0,2
347,2.38,5.0,96,cruise,21.23,5019,347,44.6,9.0,3
348,4.08,4.0,96,descent,9.45,5019,348,44.6,9.0,3
349,0.88,0.0,96,landing,1.95,5019,349,44.6,9.0,2
350,0.48,0.0,96,landing,4.56,5019,350,44.6,9.0,3
351,0.68,2.05,96,takeoff,52.2,5019,351,44.6,9.0,2
352,0.68,3.0,96,climb,43.82,5019,352,44.6,9.0,3
353,0.68,2.0,96,cruise,12.57,5019,353,44.6,9.0,3
354,1.38,0.0,96,landing,2.78,5019,354,44.6,9.0,2
355,0.68,2.5,96,takeoff,49.36,5019,355,44.6,9.0,2
356,1.08,4.5,96,climb,40.52,5019,356,44.6,9.0,2
357,8.58,4.0,96,takeoff,61.53,5013,357,44.6,9.0,4
358,0.0,0.0,96,takeoff,47.92,5013,358,44.6,9.0,4
359,7.72,24.0,96,climb,46.85,5013,359,44.6,9.0,4
360,0.5,0.5,96,slow flight,3.89,5013,360,44.6,9.0,5
361,0.0,0.0,96,climb,29.08,5013,361,44.6,9.0,4
362,0.28,0.33,96,steep turns,12.07,5013,362,44.6,9.0,4
363,0.64,1.0,96,slow flight,0.57,5013,363,44.6,9.0,5
364,0.06,0.0,96,power off stall,0.12,5013,364,44.6,9.0,4
365,0.0,0.0,96,slow flight,20.75,5013,365,44.6,9.0,4
366,0.7,1.0,96,climb,38.35,5013,366,44.6,9.0,4
367,0.22,0.58,96,steep turns,11.91,5013,367,44.6,9.0,5
368,0.42,0.0,96,slow flight,0.03,5013,368,44.6,9.0,4
369,0.42,0.0,96,steep turns,1.21,5013,369,44.6,9.0,5
370,0.44,1.0,96,takeoff,61.84,5013,370,44.6,9.0,4
371,1.9,7.42,96,climb,38.76,5013,371,44.6,9.0,4
372,0.44,2.0,96,takeoff,53.12,5013,372,44.6,9.0,5
373,1.26,4.04,96,climb,36.52,5013,373,44.6,9.0,4
374,0.56,2.0,96,takeoff,55.12,5013,374,44.6,9.0,4
375,1.5,6.0,96,climb,36.68,5013,375,44.6,9.0,5
376,9.68,3.0,85,takeoff,59.48,4999,376,48.2,6.0,8
377,0.9,4.0,85,climb,45.48,4999,377,48.2,6.0,8
378,0.62,2.04,85,takeoff,58.32,4999,378,48.2,6.0,8
379,0.86,3.5,85,climb,50.89,4999,379,48.2,6.0,8
380,0.6,2.0,85,takeoff,57.0,4999,380,48.2,6.0,8
381,2.56,8.5,85,climb,44.22,4999,381,48.2,6.0,8
382,0.66,3.0,85,takeoff,57.21,4999,382,48.2,6.0,8
383,1.4,5.0,85,climb,41.95,4999,383,48.2,6.0,8
384,0.56,2.0,85,takeoff,57.5,4999,384,48.2,6.0,8
385,1.94,7.0,85,climb,33.41,4999,385,48.2,6.0,8
386,0.22,0.0,85,landing,3.11,4999,386,48.2,6.0,8
387,0.52,2.0,85,takeoff,60.18,4999,387,48.2,6.0,8
388,1.26,5.0,85,climb,35.72,4999,388,48.2,6.0,8
389,0.0,0.0,86,climb,47.43,4994,389,46.4,9.0,8
390,0.02,0.0,86,takeoff,63.65,4994,390,44.6,9.0,9
391,0.0,0.0,86,climb,48.98,4994,391,46.4,9.0,9
392,0.7,2.5,86,takeoff,58.4,4994,392,46.4,9.0,9
393,1.86,5.0,86,climb,38.1,4994,393,46.4,9.0,9
394,10.54,3.0,86,takeoff,56.33,4992,394,59.0,9.0,10
395,1.8,7.5,86,climb,48.39,4992,395,59.0,9.0,10
396,5.52,10.0,86,cruise,19.83,4992,396,59.0,9.0,10
397,0.64,2.0,86,climb,45.6,4992,397,59.0,9.0,5
398,0.86,3.04,86,climb,46.23,4992,398,59.0,9.0,10
399,9.56,17.5,86,cruise,19.71,4992,399,59.0,9.0,10
400,0.0,0.0,86,descent,2.75,4992,400,59.0,9.0,5
401,0.06,0.0,86,cruise,2.58,4992,401,59.0,9.0,10
402,0.2,0.0,86,descent,1.16,4992,402,59.0,9.0,10
403,1.34,1.0,86,cruise,3.61,4992,403,59.0,9.0,5
404,7.5,2.83,86,takeoff,57.26,4990,404,55.4,9.0,6
405,1.8,6.0,86,climb,42.86,4990,405,55.4,9.0,6
406,4.2,6.67,86,cruise,17.23,4990,406,55.4,9.0,4
407,1.34,4.5,86,climb,48.0,4990,407,55.4,9.0,4
408,2.8,5.29,86,cruise,18.85,4990,408,55.4,9.0,4
409,1.44,2.5,86,cruise,17.45,4990,409,55.4,9.0,4
410,0.1,0.0,86,slow flight,2.33,4990,410,55.4,9.0,6
411,0.02,0.0,86,power off stall,1.19,4990,411,55.4,9.0,6
412,0.06,0.0,86,slow flight,6.67,4990,412,55.4,9.0,4
413,0.12,0.0,86,cruise,12.61,4990,413,55.4,9.0,6
414,0.02,0.0,86,slow flight,7.44,4990,414,55.4,9.0,6
415,0.1,0.0,86,cruise,9.39,4990,415,55.4,9.0,4
416,0.0,0.0,86,slow flight,11.5,4990,416,55.4,9.0,6
417,6.14,9.0,86,cruise,15.99,4990,417,55.4,9.0,4
418,0.0,0.0,86,descent,0.0,4990,418,55.4,9.0,6
419,1.02,0.0,86,cruise,0.0,4990,419,55.4,9.0,4
420,17.68,5.0,86,takeoff,56.46,4987,420,53.6,9.0,8
421,0.98,4.0,86,climb,46.77,4987,421,53.6,9.0,8
422,1.94,4.0,86,cruise,18.16,4987,422,53.6,9.0,8
423,0.08,0.0,86,landing,0.0,4987,423,53.6,9.0,8
424,0.04,0.0,86,cruise,0.0,4987,424,53.6,9.0,8
425,0.0,0.0,86,landing,0.0,4987,425,53.6,9.0,8
426,0.0,0.0,86,cruise,0.0,4987,426,53.6,9.0,8
427,12.02,4.42,86,takeoff,58.06,4978,427,51.8,9.0,10
428,2.58,10.5,86,climb,46.94,4978,428,51.8,9.0,10
429,6.64,14.0,86,cruise,24.17,4978,429,50.0,9.0,8
430,0.0,0.0,86,climb,25.83,4978,430,51.8,9.0,10
431,2.12,5.0,86,cruise,22.73,4978,431,50.0,9.0,8
432,0.18,0.0,86,slow flight,0.0,4978,432,50.0,9.0,8
433,0.36,0.0,86,power off stall,0.0,4978,433,50.0,9.0,8
434,0.46,0.0,86,slow flight,0.47,4978,434,51.8,9.0,10
435,0.48,0.0,86,cruise,12.02,4978,435,50.0,9.0,8
436,0.02,0.04,86,climb,28.23,4978,436,51.8,9.0,10
437,1.7,1.5,86,cruise,8.6,4978,437,50.0,9.0,8
438,0.36,0.0,86,cruise,16.5,4978,438,51.8,9.0,10
439,1.16,3.0,86,climb,29.23,4978,439,51.8,9.0,10
440,2.24,4.0,86,cruise,19.73,4978,440,50.0,9.0,8
441,0.32,1.0,86,climb,28.06,4978,441,50.0,9.0,8
442,0.24,0.46,86,cruise,21.49,4978,442,51.8,9.0,10
443,0.96,2.12,86,climb,33.54,4978,443,50.0,9.0,8
444,3.56,8.0,86,cruise,21.6,4978,444,51.8,9.0,10
445,0.36,0.0,86,descent,15.16,4978,445,51.8,9.0,10
446,0.06,0.0,86,cruise,15.94,4978,446,50.0,9.0,8
447,0.02,0.0,86,descent,15.31,4978,447,50.0,9.0,8
448,0.0,0.0,86,cruise,15.21,4978,448,50.0,9.0,8
449,0.0,0.0,86,descent,15.0,4978,449,51.8,9.0,10
450,2.16,4.38,86,cruise,21.27,4978,450,51.8,9.0,10
451,0.0,0.0,86,descent,21.08,4978,451,51.8,9.0,10
452,0.0,0.0,86,cruise,21.0,4978,452,51.8,9.0,10
453,0.02,0.0,86,descent,21.0,4978,453,51.8,9.0,10
454,0.0,0.0,86,cruise,21.0,4978,454,50.0,9.0,8
455,0.08,0.0,86,descent,21.0,4978,455,51.8,9.0,10
456,0.06,0.0,86,cruise,20.99,4978,456,50.0,9.0,8
457,0.98,1.0,86,descent,5.46,4978,457,51.8,9.0,10
458,9.8,4.0,86,takeoff,58.54,4983,458,51.8,9.0,12
459,1.86,7.0,86,climb,46.57,4983,459,51.8,9.0,12
460,8.22,16.21,86,cruise,22.13,4983,460,51.8,9.0,11
461,8.78,15.0,86,cruise,19.46,4983,461,51.8,9.0,12
462,0.08,0.0,86,climb,32.49,4983,462,51.8,9.0,11
463,1.84,3.0,86,cruise,19.61,4983,463,51.8,9.0,11
464,0.32,1.0,86,descent,0.03,4983,464,51.8,9.0,12
465,10.12,4.0,88,takeoff,59.01,4981,465,51.8,9.0,7
466,1.86,7.5,88,climb,46.35,4981,466,53.6,9.0,10
467,5.56,10.0,88,cruise,21.36,4981,467,53.6,9.0,10
468,1.94,7.0,88,climb,44.5,4981,468,51.8,9.0,7
469,0.72,1.71,88,cruise,19.46,4981,469,53.6,9.0,10
470,0.08,0.0,88,slow flight,0.0,4981,470,53.6,9.0,10
471,0.14,0.58,88,power off stall,0.0,4981,471,53.6,9.0,10
472,0.02,0.0,88,slow flight,0.0,4981,472,51.8,9.0,7
473,0.5,0.0,88,cruise,0.0,4981,473,53.6,9.0,10
474,10.06,17.0,88,cruise,20.14,4981,474,53.6,9.0,10
475,2.26,1.0,88,descent,0.3,4981,475,51.8,9.0,7
476,1.2,0.0,88,landing,0.59,4981,476,51.8,9.0,7
477,0.0,0.0,88,climb,21.38,4981,477,53.6,9.0,10
478,0.08,0.0,88,takeoff,24.2,4981,478,51.8,9.0,7
479,14.2,3.5,85,takeoff,62.06,4976,479,44.6,9.0,7
480,0.82,4.38,85,climb,56.28,4976,480,44.6,9.0,7
481,0.08,0.5,85,cruise,2.27,4976,481,44.6,9.0,7
482,0.48,0.5,85,landing,0.1,4976,482,44.6,9.0,5
483,0.12,0.0,85,cruise,6.38,4976,483,44.6,9.0,5
484,0.04,0.0,85,landing,3.76,4976,484,44.6,9.0,7
485,0.14,0.5,85,cruise,12.62,4976,485,44.6,9.0,7
486,0.02,0.0,85,landing,12.29,4976,486,44.6,9.0,7
487,0.08,0.0,85,cruise,13.66,4976,487,44.6,9.0,5
488,0.02,0.0,85,landing,13.69,4976,488,44.6,9.0,5
489,0.16,0.0,85,cruise,23.93,4976,489,44.6,9.0,5
490,0.02,0.0,85,climb,28.83,4976,490,44.6,9.0,7
491,0.64,1.5,85,cruise,22.47,4976,491,44.6,9.0,7
492,1.88,1.0,85,landing,3.28,4976,492,44.6,9.0,5
493,0.46,2.0,85,takeoff,64.53,4976,493,44.6,9.0,7
494,0.9,4.0,85,climb,54.17,4976,494,44.6,9.0,7
495,0.42,1.54,85,cruise,11.48,4976,495,44.6,9.0,7
496,0.06,0.0,85,landing,1.06,4976,496,44.6,9.0,5
497,1.04,1.0,85,cruise,16.26,4976,497,44.6,9.0,5
498,0.0,0.0,85,landing,15.0,4976,498,44.6,9.0,7
499,0.06,0.0,85,cruise,16.03,4976,499,44.6,9.0,7
500,1.78,1.0,85,landing,5.32,4976,500,44.6,9.0,5
501,0.0,0.0,85,takeoff,16.04,4976,501,44.6,9.0,5
502,0.62,0.5,85,landing,4.72,4976,502,44.6,9.0,7
503,0.44,1.0,85,takeoff,63.7,4976,503,44.6,9.0,7
504,0.16,1.0,85,takeoff,50.71,4976,504,44.6,9.0,7
505,0.0,0.0,85,climb,54.92,4976,505,44.6,9.0,7
506,0.02,0.0,85,takeoff,55.81,4976,506,44.6,9.0,5
507,0.66,3.58,85,climb,50.13,4976,507,44.6,9.0,7
508,0.0,0.0,85,cruise,30.17,4976,508,44.6,9.0,7
509,0.06,0.0,85,climb,35.6,4976,509,44.6,9.0,7
510,0.24,1.0,85,cruise,28.52,4976,510,44.6,9.0,7
511,0.02,0.0,85,climb,31.5,4976,511,44.6,9.0,5
512,0.04,0.0,85,cruise,16.17,4976,512,44.6,9.0,7
513,0.08,0.0,85,landing,12.98,4976,513,44.6,9.0,5
514,1.32,3.0,85,cruise,22.44,4976,514,44.6,9.0,5
515,2.32,1.0,85,landing,3.73,4976,515,44.6,9.0,7
516,0.52,2.0,85,takeoff,62.08,4976,516,44.6,9.0,7
517,0.58,3.0,85,climb,44.12,4976,517,44.6,9.0,5
518,0.78,2.0,85,cruise,18.26,4976,518,44.6,9.0,7
519,0.32,0.0,85,landing,15.93,4976,519,44.6,9.0,7
520,0.28,0.62,85,cruise,21.88,4976,520,44.6,9.0,5
521,2.04,1.0,85,landing,3.23,4976,521,44.6,9.0,7
522,0.44,1.0,85,takeoff,57.82,4976,522,44.6,9.0,7
523,0.0,0.0,85,climb,46.92,4976,523,44.6,9.0,7
524,0.08,0.5,85,takeoff,52.05,4976,524,44.6,9.0,7
525,0.62,3.0,85,climb,55.2,4976,525,44.6,9.0,5
526,0.06,0.5,85,cruise,20.53,4976,526,44.6,9.0,7
527,0.2,0.5,85,landing,11.31,4976,527,44.6,9.0,7
528,0.18,0.5,85,cruise,19.92,4976,528,44.6,9.0,5
529,2.56,1.71,85,landing,6.07,4976,529,44.6,9.0,5
530,0.52,1.38,85,takeoff,57.72,4976,530,44.6,9.0,7
531,0.58,2.54,85,climb,48.07,4976,531,44.6,9.0,7
532,0.14,0.96,85,cruise,20.06,4976,532,44.6,9.0,5
533,0.0,0.0,85,climb,24.17,4976,533,44.6,9.0,5
534,0.26,0.5,85,cruise,20.16,4976,534,44.6,9.0,5
535,0.12,0.46,85,landing,15.43,4976,535,44.6,9.0,7
536,0.06,0.0,85,cruise,20.2,4976,536,44.6,9.0,7
537,0.0,0.0,85,landing,19.96,4976,537,44.6,9.0,5
538,0.0,0.0,85,cruise,20.0,4976,538,44.6,9.0,5
539,0.22,0.5,85,landing,21.94,4976,539,44.6,9.0,7
540,0.02,0.12,85,cruise,23.85,4976,540,44.6,9.0,5
541,0.04,0.0,85,descent,24.24,4976,541,44.6,9.0,7
542,0.0,0.0,85,cruise,25.0,4976,542,44.6,9.0,5
543,0.04,0.96,90,climb,62.86,4975,543,42.8,9.0,11
544,0.52,2.0,90,takeoff,57.19,4975,544,42.8,9.0,11
545,2.18,8.5,90,climb,46.52,4975,545,42.8,9.0,10
546,2.68,7.0,90,cruise,26.2,4975,546,42.8,9.0,11
547,0.02,0.0,90,slow flight,0.1,4975,547,42.8,9.0,10
548,0.42,0.0,90,power off stall,0.2,4975,548,42.8,9.0,11
549,0.0,0.0,90,slow flight,13.61,4975,549,42.8,9.0,10
550,2.5,5.0,90,cruise,24.59,4975,550,42.8,9.0,11
551,0.0,0.0,90,climb,26.17,4975,551,42.8,9.0,10
552,0.2,1.0,90,cruise,23.19,4975,552,42.8,9.0,10
553,0.06,0.0,90,climb,28.88,4975,553,42.8,9.0,11
554,0.3,1.0,90,cruise,25.48,4975,554,42.8,9.0,11
555,0.56,0.0,90,slow flight,7.07,4975,555,42.8,9.0,10
556,0.08,1.0,90,climb,39.75,4975,556,42.8,9.0,10
557,0.36,1.0,90,steep turns,25.76,4975,557,42.8,9.0,10
558,0.16,0.0,90,slow flight,19.14,4975,558,42.8,9.0,10
559,0.76,1.0,90,cruise,17.71,4975,559,42.8,9.0,10
560,0.04,0.0,90,slow flight,2.81,4975,560,42.8,9.0,11
561,0.56,1.0,90,power off stall,0.18,4975,561,42.8,9.0,11
562,0.0,0.0,90,slow flight,17.12,4975,562,42.8,9.0,10
563,0.08,0.0,90,steep turns,27.12,4975,563,42.8,9.0,11
564,0.56,1.0,90,cruise,18.48,4975,564,42.8,9.0,11
565,0.72,0.0,90,slow flight,10.26,4975,565,42.8,9.0,10
566,0.16,1.0,90,steep turns,21.85,4975,566,42.8,9.0,10
567,0.36,0.0,90,slow flight,14.04,4975,567,42.8,9.0,11
568,0.34,1.0,90,cruise,17.93,4975,568,42.8,9.0,10
569,0.46,0.0,90,slow flight,8.16,4975,569,42.8,9.0,10
570,0.12,0.0,90,steep turns,31.93,4975,570,42.8,9.0,10
571,0.06,0.71,90,cruise,25.46,4975,571,42.8,9.0,11
572,0.38,0.0,90,slow flight,0.29,4975,572,42.8,9.0,11
573,0.14,0.0,90,power off stall,0.47,4975,573,42.8,9.0,11
574,0.0,0.0,90,slow flight,16.46,4975,574,42.8,9.0,10
575,0.0,0.0,90,steep turns,27.92,4975,575,42.8,9.0,10
576,0.12,0.0,90,climb,31.53,4975,576,42.8,9.0,10
577,0.08,0.0,90,steep turns,18.4,4975,577,42.8,9.0,10
578,1.34,3.0,90,cruise,18.51,4975,578,42.8,9.0,10
579,0.0,0.0,90,steep turns,10.79,4975,579,42.8,9.0,11
580,0.98,0.0,90,slow flight,2.58,4975,580,42.8,9.0,10
581,1.72,2.0,90,cruise,9.52,4975,581,42.8,9.0,10
582,3.36,3.0,90,cruise,10.66,4975,582,42.8,9.0,10
583,2.52,1.0,90,landing,3.9,4975,583,42.8,9.0,10
584,0.56,2.0,90,takeoff,52.35,4975,584,42.8,9.0,10
585,0.84,3.42,90,climb,42.07,4975,585,42.8,9.0,11
586,0.58,1.5,90,cruise,19.01,4975,586,42.8,9.0,10
587,1.0,1.0,90,descent,9.3,4975,587,42.8,9.0,10
588,2.16,1.0,90,landing,1.73,4975,588,42.8,9.0,10
589,0.58,1.88,90,takeoff,52.03,4975,589,42.8,9.0,10
590,0.84,3.32,90,climb,43.9,4975,590,42.8,9.0,10
591,0.0,0.0,90,cruise,20.17,4975,591,42.8,9.0,11
592,1.76,3.0,90,descent,11.76,4975,592,42.8,9.0,10
593,1.08,3.0,90,takeoff,48.52,4940,593,75.2,9.0,4
594,4.88,16.62,90,climb,41.3,4940,594,75.2,9.0,4
595,2.58,4.62,90,cruise,19.38,4940,595,75.2,9.0,4
596,0.48,0.5,90,power off stall,1.42,4940,596,75.2,9.0,3
597,0.98,2.0,90,cruise,33.08,4940,597,75.2,9.0,3
598,1.38,3.0,90,steep turns,20.42,4940,598,75.2,9.0,3
599,3.68,6.0,90,cruise,18.53,4940,599,75.2,9.0,4
600,3.18,6.0,90,steep turns,20.45,4940,600,75.2,9.0,4
601,0.44,1.0,90,cruise,14.66,4940,601,75.2,9.0,4
602,2.14,3.0,90,cruise,18.9,4940,602,75.2,9.0,3
603,1.18,1.5,90,descent,16.36,4940,603,75.2,9.0,4
604,2.76,4.5,90,cruise,16.89,4940,604,75.2,9.0,3
605,2.38,0.0,90,descent,0.03,4940,605,75.2,9.0,3
606,12.46,5.0,89,takeoff,53.96,4938,606,64.4,4.0,4
607,1.62,5.5,89,climb,41.78,4938,607,66.2,9.0,4
608,0.06,0.5,89,cruise,40.42,4938,608,64.4,4.0,4
609,0.06,0.0,89,climb,40.43,4938,609,71.6,9.0,3
610,0.06,0.5,89,cruise,40.69,4938,610,62.6,2.5,4
611,0.0,0.0,89,climb,40.96,4938,611,71.6,9.0,3
612,0.0,0.0,89,cruise,41.27,4938,612,64.4,4.0,4
613,0.0,0.0,89,climb,41.62,4938,613,64.4,4.0,4
614,8.82,19.0,89,cruise,25.58,4938,614,64.4,4.0,4
615,9.44,21.0,89,cruise,25.06,4938,615,66.2,9.0,4
616,0.58,0.5,89,descent,0.14,4938,616,71.6,9.0,3
617,0.12,0.0,89,landing,0.2,4938,617,62.6,2.5,4
618,1.18,2.0,89,cruise,20.14,4938,618,62.6,2.5,4
619,9.16,4.0,90,takeoff,55.95,4936,619,75.2,6.0,6
620,1.26,4.5,90,climb,41.9,4936,620,75.2,6.0,6
621,0.82,2.5,90,cruise,36.81,4936,621,75.2,6.0,6
622,0.0,0.0,90,climb,38.62,4936,622,73.4,9.0,4
623,15.18,27.0,90,cruise,20.64,4936,623,75.2,6.0,6
624,6.2,11.0,90,cruise,20.2,4936,624,73.4,9.0,4
625,0.7,0.5,90,descent,0.35,4936,625,75.2,6.0,6
626,0.9,1.0,90,cruise,13.01,4936,626,73.4,9.0,4
627,6.36,5.29,90,takeoff,49.75,4931,627,60.8,9.0,5
628,2.0,6.5,90,climb,40.95,4931,628,55.4,6.0,2
629,0.02,0.04,90,cruise,32.42,4931,629,60.8,9.0,5
630,0.14,0.0,90,climb,43.2,4931,630,55.4,6.0,2
631,17.94,31.0,90,cruise,20.03,4931,631,60.8,9.0,5
632,2.98,5.0,90,cruise,18.18,4931,632,60.8,9.0,5
633,0.88,0.5,90,descent,1.85,4931,633,60.8,9.0,5
634,1.04,0.5,90,cruise,8.3,4931,634,60.8,9.0,5
635,0.84,3.0,92,takeoff,53.52,4929,635,53.6,7.0,4
636,2.28,8.12,92,climb,43.18,4929,636,51.8,5.0,2
637,15.92,25.0,92,cruise,18.08,4929,637,53.6,7.0,4
638,1.86,3.0,92,cruise,18.97,4929,638,51.8,5.0,2
639,1.48,1.0,92,descent,7.04,4929,639,53.6,7.0,4
640,14.92,3.0,92,takeoff,50.78,4927,640,55.4,9.0,6
641,1.44,6.0,92,climb,48.46,4927,641,53.6,9.0,6
642,1.62,4.0,92,cruise,27.04,4927,642,55.4,9.0,6
643,0.6,2.0,92,climb,49.0,4927,643,53.6,9.0,6
644,2.62,5.12,92,cruise,20.66,4927,644,53.6,9.0,6
645,1.78,3.0,92,cruise,20.2,4927,645,53.6,9.0,6
646,2.1,0.62,92,landing,2.95,4927,646,53.6,9.0,6
647,0.5,1.0,92,takeoff,44.3,4927,647,55.4,9.0,6
648,1.68,6.0,92,climb,43.81,4927,648,55.4,9.0,6
649,7.54,15.82,92,cruise,23.11,4927,649,55.4,9.0,6
650,0.0,0.0,92,descent,1.88,4927,650,53.6,9.0,6
651,0.44,1.0,92,landing,1.19,4927,651,55.4,9.0,6
652,0.0,0.0,92,cruise,6.21,4927,652,53.6,9.0,6
653,0.04,0.0,92,landing,6.38,4927,653,55.4,9.0,6
654,0.14,0.0,92,cruise,20.78,4927,654,53.6,9.0,6
655,0.0,0.0,92,climb,21.92,4927,655,55.4,9.0,6
656,0.0,0.0,92,cruise,7.62,4927,656,53.6,9.0,6
657,0.02,0.0,92,landing,5.46,4927,657,53.6,9.0,6
658,0.06,0.0,92,cruise,20.32,4927,658,55.4,9.0,6
659,0.56,1.0,92,climb,31.24,4927,659,53.6,9.0,6
660,0.26,1.0,92,cruise,19.07,4927,660,53.6,9.0,6
661,5.5,2.5,90,takeoff,46.3,4925,661,51.8,9.0,7
662,0.16,0.5,90,climb,27.31,4925,662,51.8,9.0,7
663,0.14,0.08,90,takeoff,44.2,4925,663,51.8,9.0,7
664,0.94,3.5,90,climb,45.72,4925,664,51.8,9.0,7
665,0.06,0.0,90,cruise,34.08,4925,665,51.8,9.0,7
666,0.04,0.0,90,climb,34.72,4925,666,51.8,9.0,7
667,1.38,2.5,90,cruise,12.69,4925,667,51.8,9.0,7
668,1.34,0.5,90,landing,2.96,4925,668,51.8,9.0,7
669,0.6,2.0,90,takeoff,51.96,4925,669,51.8,9.0,7
670,0.88,3.5,90,climb,45.53,4925,670,51.8,9.0,7
671,1.06,2.0,90,cruise,14.2,4925,671,51.8,9.0,7
672,2.14,0.5,90,landing,2.13,4925,672,51.8,9.0,7
673,0.64,1.5,90,takeoff,46.15,4925,673,51.8,9.0,7
674,0.92,4.0,90,climb,46.15,4925,674,51.8,9.0,7
675,0.16,0.5,90,cruise,33.27,4925,675,51.8,9.0,7
676,0.08,0.5,90,climb,35.18,4925,676,51.8,9.0,7
677,1.0,2.0,90,cruise,12.36,4925,677,51.8,9.0,7
678,1.66,0.0,90,landing,0.41,4925,678,51.8,9.0,7
679,0.68,2.0,90,takeoff,48.67,4925,679,51.8,9.0,7
680,0.76,3.0,90,climb,46.88,4925,680,51.8,9.0,7
681,0.78,2.0,90,cruise,26.28,4925,681,51.8,9.0,7
682,0.16,1.0,90,landing,0.0,4925,682,51.8,9.0,7
683,0.02,0.0,90,cruise,0.0,4925,683,51.8,9.0,7
684,2.16,0.0,90,landing,0.4,4925,684,51.8,9.0,7
685,0.7,2.0,90,takeoff,50.15,4925,685,51.8,9.0,7
686,0.72,3.0,90,climb,47.02,4925,686,51.8,9.0,7
687,0.58,2.0,90,cruise,25.37,4925,687,51.8,9.0,7
688,0.12,0.0,90,cruise,15.9,4925,688,51.8,9.0,7
689,2.4,1.0,90,landing,0.55,4925,689,51.8,9.0,7
690,0.74,2.0,90,takeoff,47.4,4925,690,51.8,9.0,7
691,0.76,3.0,90,climb,44.71,4925,691,51.8,9.0,7
692,0.88,3.0,90,cruise,26.37,4925,692,51.8,9.0,7
693,0.08,0.0,90,descent,0.0,4925,693,51.8,9.0,7
694,2.12,1.0,90,landing,0.29,4925,694,51.8,9.0,7
695,0.68,2.0,90,takeoff,49.17,4925,695,51.8,9.0,7
696,0.72,3.0,90,climb,45.62,4925,696,51.8,9.0,7
697,0.84,2.0,90,cruise,25.92,4925,697,51.8,9.0,7
698,0.26,1.0,90,descent,0.0,4925,698,51.8,9.0,7
699,4.66,3.0,90,takeoff,58.02,4923,699,59.0,9.0,11
700,1.06,4.0,90,climb,43.75,4923,700,59.0,9.0,11
701,0.52,1.5,90,cruise,36.87,4923,701,55.4,9.0,6
702,0.32,1.08,90,climb,42.71,4923,702,55.4,9.0,6
703,7.74,11.0,90,cruise,16.74,4923,703,55.4,9.0,6
704,1.72,0.08,90,landing,0.43,4923,704,59.0,9.0,11
705,0.02,0.0,90,takeoff,15.29,4923,705,55.4,9.0,6
706,0.04,0.0,90,landing,11.47,4923,706,55.4,9.0,6
707,0.4,1.0,90,takeoff,52.38,4923,707,55.4,9.0,6
708,1.56,6.0,90,climb,42.13,4923,708,59.0,9.0,11
709,0.1,0.0,90,cruise,22.66,4923,709,55.4,9.0,6
710,6.06,11.0,90,cruise,19.64,4923,710,59.0,9.0,11
711,2.92,1.0,92,takeoff,63.49,4921,711,53.6,9.0,7
712,11.06,24.25,92,climb,36.7,4921,712,53.6,9.0,7
713,0.26,0.5,92,takeoff,43.07,4921,713,55.4,9.0,6
714,1.98,7.5,92,climb,45.55,4921,714,53.6,9.0,7
715,2.46,2.5,92,cruise,8.0,4921,715,55.4,9.0,6
716,4.6,2.0,91,takeoff,58.7,4919,716,60.8,9.0,8
717,1.82,6.0,91,climb,37.79,4919,717,60.8,9.0,8
718,0.04,0.0,91,cruise,27.22,4919,718,60.8,9.0,8
719,0.12,0.5,91,climb,31.21,4919,719,60.8,9.0,8
720,4.1,7.5,91,cruise,21.05,4919,720,60.8,9.0,8
721,0.06,0.0,91,climb,26.21,4919,721,60.8,9.0,8
722,5.16,8.5,91,cruise,19.72,4919,722,60.8,9.0,8
723,0.0,0.0,91,landing,0.0,4919,723,60.8,9.0,8
724,0.0,0.0,91,cruise,0.0,4919,724,60.8,9.0,8
725,1.9,0.5,91,landing,0.51,4919,725,60.8,9.0,8
726,0.54,1.5,91,takeoff,53.69,4919,726,60.8,9.0,8
727,1.28,5.0,91,climb,39.9,4919,727,60.8,9.0,8
728,2.14,5.0,91,cruise,28.06,4919,728,60.8,9.0,8
729,1.14,3.0,91,cruise,29.9,4919,729,60.8,9.0,8
730,0.02,0.0,91,climb,25.0,4919,730,60.8,9.0,8
731,5.22,7.5,91,cruise,14.83,4919,731,60.8,9.0,8
732,0.1,0.38,91,landing,0.65,4919,732,60.8,9.0,8
733,0.1,0.0,91,cruise,5.53,4919,733,60.8,9.0,8
734,7.44,3.0,92,takeoff,55.65,4917,734,57.2,9.0,5
735,2.36,8.79,92,climb,44.98,4917,735,57.2,9.0,5
736,0.08,0.0,92,cruise,21.81,4917,736,57.2,9.0,5
737,0.98,3.5,92,climb,43.62,4917,737,57.2,9.0,5
738,12.14,24.0,92,cruise,23.17,4917,738,57.2,9.0,5
739,0.22,0.38,92,climb,30.75,4917,739,57.2,9.0,5
740,6.68,11.0,92,cruise,18.41,4917,740,57.2,9.0,5
741,2.6,2.0,92,cruise,11.36,4917,741,57.2,9.0,5
742,0.02,0.0,92,descent,0.0,4917,742,57.2,9.0,5
743,0.04,0.04,92,cruise,0.0,4917,743,57.2,9.0,5
744,0.0,0.0,92,landing,0.17,4917,744,57.2,9.0,5
745,0.0,0.0,92,cruise,0.0,4917,745,57.2,9.0,5
746,2.82,1.0,92,landing,5.19,4917,746,57.2,9.0,5
747,0.64,2.0,92,takeoff,47.88,4917,747,57.2,9.0,5
748,1.14,4.88,92,climb,42.77,4917,748,57.2,9.0,5
749,0.94,2.0,92,cruise,25.41,4917,749,57.2,9.0,5
750,0.6,1.0,92,descent,0.11,4917,750,57.2,9.0,5
751,0.02,0.04,92,climb,59.04,4910,751,53.6,9.0,8
752,0.0,0.0,92,climb,33.58,4910,752,53.6,9.0,8
753,1.1,4.0,92,takeoff,50.22,4910,753,53.6,9.0,8
754,0.74,3.0,92,climb,42.82,4910,754,53.6,9.0,6
755,0.62,1.0,92,cruise,10.31,4910,755,53.6,9.0,6
756,0.6,0.5,92,landing,1.0,4910,756,53.6,9.0,8
757,0.02,0.0,92,cruise,11.71,4910,757,53.6,9.0,6
758,0.0,0.0,92,landing,11.0,4910,758,53.6,9.0,8
759,0.0,0.0,92,cruise,11.5,4910,759,53.6,9.0,6
760,4.52,3.0,92,takeoff,51.44,4915,760,53.6,9.0,4
761,0.16,0.0,92,climb,44.21,4915,761,53.6,9.0,4
762,0.02,0.25,92,takeoff,45.71,4915,762,55.4,9.0,3
763,2.84,10.04,92,climb,45.04,4915,763,53.6,9.0,4
764,7.26,10.5,92,cruise,16.78,4915,764,53.6,9.0,4
765,1.18,0.0,92,landing,1.45,4915,765,53.6,9.0,4
766,0.0,0.0,92,cruise,18.54,4915,766,53.6,9.0,4
767,0.04,0.0,92,climb,28.36,4915,767,53.6,9.0,4
768,0.1,0.5,92,takeoff,41.38,4915,768,55.4,9.0,3
769,1.98,7.0,92,climb,47.9,4915,769,55.4,9.0,3
770,5.54,9.62,92,cruise,19.47,4915,770,55.4,9.0,3
771,1.06,2.0,92,cruise,18.82,4915,771,55.4,9.0,3
772,2.56,1.0,92,landing,0.16,4915,772,53.6,9.0,4
773,0.72,2.0,92,takeoff,48.15,4915,773,53.6,9.0,4
774,1.04,4.0,92,climb,45.08,4915,774,53.6,9.0,4
775,0.92,3.0,92,cruise,27.29,4915,775,55.4,9.0,3
776,0.14,0.0,92,descent,0.41,4915,776,55.4,9.0,3
777,5.32,4.0,92,takeoff,56.33,4909,777,53.6,9.0,3
778,2.68,10.5,92,climb,45.98,4909,778,53.6,9.0,3
779,6.78,15.0,92,cruise,24.77,4909,779,53.6,9.0,2
780,0.48,0.0,92,slow flight,9.82,4909,780,53.6,9.0,2
781,0.0,0.0,92,cruise,22.29,4909,781,53.6,9.0,2
782,2.08,2.0,92,slow flight,9.52,4909,782,53.6,9.0,2
783,0.34,1.0,92,climb,47.52,4909,783,53.6,9.0,3
784,1.64,4.0,92,cruise,26.25,4909,784,53.6,9.0,2
785,0.24,0.92,92,slow flight,0.0,4909,785,53.6,9.0,3
786,0.46,0.0,92,power off stall,0.68,4909,786,53.6,9.0,2
787,0.0,0.0,92,cruise,35.67,4909,787,53.6,9.0,3
788,0.42,1.0,92,climb,47.14,4909,788,53.6,9.0,2
789,0.42,1.0,92,cruise,21.65,4909,789,53.6,9.0,3
790,0.02,0.0,92,slow flight,0.0,4909,790,53.6,9.0,2
791,0.46,0.71,92,power off stall,0.93,4909,791,53.6,9.0,3
792,0.28,0.0,92,climb,43.8,4909,792,53.6,9.0,3
793,0.96,2.0,92,cruise,24.01,4909,793,53.6,9.0,3
794,0.96,2.0,92,slow flight,13.12,4909,794,53.6,9.0,3
795,0.04,0.0,92,slow flight,15.93,4909,795,53.6,9.0,3
796,0.02,0.0,92,steep turns,34.33,4909,796,53.6,9.0,2
797,0.26,0.0,92,climb,44.33,4909,797,53.6,9.0,2
798,6.74,9.21,92,cruise,15.86,4909,798,53.6,9.0,3
799,0.56,1.0,92,descent,0.0,4909,799,53.6,9.0,2
800,5.98,3.38,93,takeoff,55.19,4906,800,44.6,9.0,5
801,1.28,5.17,93,climb,47.72,4906,801,46.4,9.0,0
802,0.54,1.5,93,takeoff,58.63,4906,802,46.4,9.0,0
803,0.6,2.5,93,climb,44.38,4906,803,44.6,9.0,5
804,0.78,2.88,93,climb,44.94,4906,804,44.6,9.0,5
805,0.48,1.5,93,takeoff,55.86,4906,805,46.4,9.0,0
806,1.2,5.0,93,climb,45.77,4906,806,46.4,9.0,0
807,0.52,2.0,93,takeoff,52.37,4906,807,44.6,9.0,5
808,0.0,0.0,93,climb,45.83,4906,808,46.4,9.0,0
809,0.08,0.0,93,takeoff,46.4,4906,809,44.6,9.0,5
810,1.2,4.88,93,climb,44.75,4906,810,46.4,9.0,0
811,0.68,0.0,93,landing,3.91,4906,811,44.6,9.0,5
812,0.72,2.0,93,takeoff,51.06,4906,812,44.6,9.0,5
813,0.88,4.0,93,climb,46.87,4906,813,44.6,9.0,5
814,0.92,2.0,93,cruise,21.45,4906,814,44.6,9.0,5
815,0.0,0.0,93,descent,1.67,4906,815,46.4,9.0,0
816,2.28,1.0,93,landing,0.42,4906,816,44.6,9.0,5
817,0.8,3.0,93,takeoff,50.66,4906,817,44.6,9.0,5
818,0.86,3.0,93,climb,44.32,4906,818,44.6,9.0,5
819,0.9,2.46,93,cruise,19.61,4906,819,46.4,9.0,0
820,0.12,0.5,93,descent,1.2,4906,820,46.4,9.0,0
821,8.34,1.0,93,climb,65.19,4908,821,62.6,9.0,8
822,0.16,1.0,93,takeoff,66.5,4908,822,62.6,9.0,8
823,1.36,4.38,93,climb,41.66,4908,823,62.6,9.0,8
824,4.0,7.0,93,cruise,19.97,4908,824,62.6,9.0,13
825,0.0,0.0,93,climb,31.98,4908,825,62.6,9.0,8
826,2.72,4.5,93,cruise,20.66,4908,826,62.6,9.0,8
827,2.0,2.5,93,cruise,12.85,4908,827,60.8,9.0,7
828,0.5,0.21,93,landing,0.42,4908,828,62.6,9.0,13
829,1.24,3.5,93,climb,42.7,4908,829,62.6,9.0,13
830,7.3,12.88,93,cruise,18.48,4908,830,59.0,9.0,8
831,0.0,0.0,93,landing,0.12,4908,831,59.0,9.0,8
832,0.0,0.0,93,cruise,0.0,4908,832,62.6,9.0,13
833,0.0,0.0,93,landing,0.06,4908,833,62.6,9.0,8
834,0.02,0.0,93,cruise,0.09,4908,834,60.8,9.0,7
835,7.32,4.5,96,takeoff,54.42,4903,835,42.8,7.0,0
836,1.7,6.54,96,climb,47.97,4903,836,42.8,7.0,0
837,9.18,16.0,96,cruise,20.01,4903,837,42.8,7.0,0
838,1.5,0.5,96,landing,0.53,4903,838,42.8,7.0,0
839,0.16,0.5,96,takeoff,39.72,4903,839,42.8,7.0,0
840,0.46,1.0,96,takeoff,47.41,4903,840,42.8,7.0,0
841,1.22,5.0,96,climb,47.1,4903,841,42.8,7.0,0
842,1.22,4.0,96,cruise,28.97,4903,842,42.8,7.0,0
843,0.34,1.0,96,climb,39.14,4903,843,42.8,7.0,0
844,4.34,10.0,96,cruise,26.25,4903,844,42.8,7.0,0
845,0.52,1.0,96,descent,0.6,4903,845,42.8,7.0,0
846,0.42,0.0,96,cruise,13.81,4903,846,42.8,7.0,0
847,0.3,0.0,96,descent,0.01,4903,847,42.8,7.0,0
848,7.32,4.5,96,takeoff,54.42,4904,848,42.8,7.0,0
849,1.7,6.54,96,climb,47.97,4904,849,42.8,7.0,0
850,9.18,16.0,96,cruise,20.01,4904,850,42.8,7.0,0
851,1.5,0.5,96,landing,0.53,4904,851,42.8,7.0,0
852,0.16,0.5,96,takeoff,39.72,4904,852,42.8,7.0,0
853,0.46,1.0,96,takeoff,47.41,4904,853,42.8,7.0,0
854,1.22,5.0,96,climb,47.1,4904,854,42.8,7.0,0
855,1.22,4.0,96,cruise,28.97,4904,855,42.8,7.0,0
856,0.34,1.0,96,climb,39.14,4904,856,42.8,7.0,0
857,4.34,10.0,96,cruise,26.25,4904,857,42.8,7.0,0
858,0.52,1.0,96,descent,0.6,4904,858,42.8,7.0,0
859,0.42,0.0,96,cruise,13.81,4904,859,42.8,7.0,0
860,0.3,0.0,96,descent,0.01,4904,860,42.8,7.0,0
861,10.2,4.0,96,takeoff,57.51,4901,861,42.8,9.0,6
862,0.8,3.12,96,climb,45.11,4901,862,44.6,9.0,5
863,0.04,0.0,96,cruise,26.42,4901,863,42.8,9.0,6
864,0.12,0.5,96,climb,28.63,4901,864,44.6,9.0,5
865,1.36,2.0,96,cruise,12.62,4901,865,42.8,9.0,6
866,1.64,0.0,96,landing,0.2,4901,866,44.6,9.0,5
867,0.64,1.88,96,takeoff,50.61,4901,867,44.6,9.0,5
868,1.08,3.88,96,climb,44.41,4901,868,44.6,9.0,5
869,0.86,2.0,96,cruise,22.65,4901,869,42.8,9.0,6
870,0.22,0.5,96,landing,0.0,4901,870,44.6,9.0,5
871,0.08,0.0,96,cruise,0.0,4901,871,44.6,9.0,5
872,1.92,0.0,96,landing,0.22,4901,872,44.6,9.0,5
873,0.6,2.0,96,takeoff,53.42,4901,873,44.6,9.0,5
874,1.1,4.04,96,climb,46.67,4901,874,42.8,9.0,6
875,0.84,2.0,96,cruise,19.48,4901,875,42.8,9.0,6
876,2.38,0.5,96,landing,0.15,4901,876,42.8,9.0,6
877,0.6,2.0,96,takeoff,56.08,4901,877,42.8,9.0,6
878,1.02,4.0,96,climb,46.3,4901,878,44.6,9.0,5
879,0.88,2.0,96,cruise,19.63,4901,879,42.8,9.0,6
880,2.48,1.0,96,landing,0.13,4901,880,42.8,9.0,6
881,0.6,2.0,96,takeoff,54.64,4901,881,42.8,9.0,6
882,0.54,2.0,96,climb,49.33,4901,882,42.8,9.0,6
883,0.44,2.0,96,climb,48.02,4901,883,42.8,9.0,6
884,1.02,2.0,96,cruise,19.29,4901,884,42.8,9.0,6
885,2.6,1.0,96,landing,0.28,4901,885,42.8,9.0,6
886,0.7,2.0,96,takeoff,51.79,4901,886,44.6,9.0,5
887,0.98,4.0,96,climb,46.31,4901,887,42.8,9.0,6
888,0.98,3.0,96,cruise,21.96,4901,888,44.6,9.0,5
889,0.26,0.0,96,descent,1.36,4901,889,42.8,9.0,6
890,2.26,0.5,96,landing,0.13,4901,890,44.6,9.0,5
891,0.7,2.5,96,takeoff,50.95,4901,891,42.8,9.0,6
892,0.94,4.0,96,climb,45.53,4901,892,44.6,9.0,5
893,0.44,1.0,96,cruise,20.41,4901,893,42.8,9.0,6
894,0.84,1.0,96,descent,6.52,4901,894,42.8,9.0,6
895,4.1,2.0,96,takeoff,62.1,4871,895,51.8,9.0,6
896,1.24,5.0,96,climb,40.47,4871,896,51.8,9.0,3
897,2.0,2.0,96,cruise,8.45,4871,897,51.8,9.0,6
898,1.04,0.0,96,landing,1.04,4871,898,51.8,9.0,3
899,0.58,2.0,96,takeoff,55.53,4871,899,51.8,9.0,3
900,1.04,3.5,96,climb,39.32,4871,900,51.8,9.0,6
901,1.68,2.0,96,cruise,9.5,4871,901,51.8,9.0,3
902,1.38,0.0,96,landing,0.49,4871,902,51.8,9.0,6
903,0.48,1.5,96,takeoff,58.04,4871,903,51.8,9.0,3
904,1.04,4.0,96,climb,42.07,4871,904,51.8,9.0,3
905,1.58,2.5,96,cruise,10.95,4871,905,51.8,9.0,6
906,0.04,0.0,96,landing,0.0,4871,906,51.8,9.0,3
907,0.04,0.0,96,cruise,0.0,4871,907,51.8,9.0,6
908,1.4,0.0,96,landing,0.36,4871,908,51.8,9.0,3
909,0.54,1.5,96,takeoff,54.99,4871,909,51.8,9.0,3
910,0.84,3.29,96,climb,43.06,4871,910,51.8,9.0,6
911,0.92,2.0,96,cruise,17.3,4871,911,51.8,9.0,6
912,2.16,0.0,96,landing,0.26,4871,912,51.8,9.0,6
913,0.6,2.0,96,takeoff,55.62,4871,913,51.8,9.0,3
914,0.76,3.0,96,climb,40.59,4871,914,51.8,9.0,6
915,1.04,2.0,96,cruise,17.94,4871,915,51.8,9.0,3
916,2.22,1.0,96,landing,0.21,4871,916,51.8,9.0,3
917,0.56,1.71,96,takeoff,54.45,4871,917,51.8,9.0,3
918,0.86,3.0,96,climb,42.11,4871,918,51.8,9.0,6
919,1.06,2.0,96,cruise,17.27,4871,919,51.8,9.0,6
920,0.08,0.0,96,descent,0.39,4871,920,51.8,9.0,3
921,2.22,1.0,96,landing,0.18,4871,921,51.8,9.0,6
922,0.56,1.0,96,takeoff,54.58,4871,922,51.8,9.0,3
923,0.8,4.0,96,climb,45.24,4871,923,51.8,9.0,3
924,0.4,1.0,96,cruise,20.71,4871,924,51.8,9.0,3
925,0.44,1.0,96,descent,10.81,4871,925,51.8,9.0,3
926,0.3,0.0,96,descent,2.1,4871,926,51.8,9.0,6
927,1.98,0.0,96,landing,0.37,4871,927,51.8,9.0,3
928,0.62,2.0,96,takeoff,55.27,4871,928,51.8,9.0,6
929,0.7,3.0,96,climb,41.52,4871,929,51.8,9.0,3
930,0.48,1.5,96,cruise,19.62,4871,930,51.8,9.0,6
931,0.84,1.29,96,descent,11.57,4871,931,51.8,9.0,6
932,0.4,0.0,96,cruise,19.21,4871,932,51.8,9.0,6
933,0.62,1.0,96,descent,2.59,4871,933,51.8,9.0,3
934,0.08,0.0,96,landing,0.87,4871,934,51.8,9.0,6
935,0.02,0.0,96,descent,6.92,4871,935,51.8,9.0,3
936,0.06,0.0,96,cruise,9.31,4871,936,51.8,9.0,6
937,8.68,5.0,96,takeoff,54.06,4868,937,60.8,9.0,0
938,2.88,11.5,96,climb,47.4,4868,938,60.8,9.0,0
939,5.66,13.0,96,cruise,26.07,4868,939,60.8,9.0,0
940,1.18,1.5,96,slow flight,13.61,4868,940,60.8,9.0,0
941,0.4,0.29,96,power off stall,2.47,4868,941,60.8,9.0,0
942,0.3,1.0,96,climb,60.11,4868,942,60.8,9.0,0
943,6.82,12.0,96,cruise,19.45,4868,943,60.8,9.0,0
944,1.82,1.0,96,cruise,3.8,4868,944,60.8,9.0,0
945,2.98,1.0,96,landing,4.74,4868,945,60.8,9.0,0
946,1.0,4.0,96,takeoff,52.27,4868,946,60.8,9.0,0
947,1.08,4.0,96,climb,44.12,4868,947,60.8,9.0,0
948,1.52,4.0,96,cruise,20.2,4868,948,60.8,9.0,0
949,0.02,0.0,96,descent,0.0,4868,949,60.8,9.0,0
950,8.64,4.0,94,takeoff,59.68,4862,950,64.4,5.0,2
951,1.46,5.0,94,climb,42.05,4862,951,64.4,3.0,2
952,3.02,5.5,94,cruise,22.32,4862,952,64.4,4.0,2
953,2.32,1.0,94,landing,0.16,4862,953,64.4,5.0,2
954,0.66,2.0,94,takeoff,56.38,4862,954,64.4,2.5,2
955,1.34,5.0,94,climb,41.74,4862,955,64.4,3.0,2
956,0.88,2.0,94,cruise,20.1,4862,956,64.4,2.0,2
957,2.26,0.0,94,landing,0.1,4862,957,64.4,2.0,2
958,0.6,2.0,94,takeoff,57.02,4862,958,64.4,4.0,2
959,1.04,4.0,94,climb,45.07,4862,959,64.4,4.0,2
960,1.52,3.5,94,cruise,19.15,4862,960,64.4,5.0,2
961,2.24,0.5,94,landing,0.21,4862,961,64.4,2.0,2
962,0.7,2.0,94,takeoff,55.95,4862,962,64.4,2.0,2
963,1.0,4.0,94,climb,43.56,4862,963,64.4,3.0,2
964,0.02,0.0,94,cruise,41.87,4862,964,64.4,3.0,2
965,0.1,1.0,94,climb,41.74,4862,965,64.4,5.0,2
966,1.22,2.0,94,cruise,19.17,4862,966,64.4,1.75,2
967,0.42,1.0,94,landing,0.6,4862,967,64.4,4.0,2
968,1.68,0.0,94,landing,0.14,4862,968,64.4,4.0,2
969,0.7,2.0,94,takeoff,55.6,4862,969,64.4,4.0,2
970,1.0,4.0,94,climb,45.55,4862,970,64.4,4.0,2
971,1.4,3.92,94,cruise,22.64,4862,971,64.4,3.0,2
972,2.3,0.0,94,landing,0.29,4862,972,64.4,4.0,2
973,0.76,3.0,94,takeoff,53.05,4862,973,64.4,1.75,2
974,0.9,3.0,94,climb,37.79,4862,974,66.2,6.0,2
975,0.94,3.0,94,cruise,28.74,4862,975,64.4,5.0,2
976,0.2,0.96,94,landing,14.05,4862,976,64.4,2.0,2
977,0.34,0.0,94,cruise,19.55,4862,977,64.4,4.0,2
978,10.42,3.5,92,takeoff,54.7,4860,978,68.0,9.0,5
979,16.5,27.5,92,cruise,19.37,4860,979,68.0,9.0,5
980,1.46,2.5,92,cruise,17.77,4860,980,68.0,9.0,5
981,2.76,1.0,92,landing,4.51,4860,981,68.0,9.0,5
982,0.76,3.0,92,takeoff,50.42,4860,982,68.0,9.0,5
983,1.06,4.0,92,climb,44.36,4860,983,68.0,9.0,5
984,1.1,3.0,92,cruise,23.14,4860,984,68.0,9.0,5
985,3.32,2.0,92,landing,5.52,4860,985,68.0,9.0,5
986,0.74,2.58,92,takeoff,52.63,4860,986,68.0,9.0,5
987,0.98,3.58,92,climb,43.14,4860,987,68.0,9.0,5
988,0.94,2.0,92,cruise,23.05,4860,988,68.0,9.0,5
989,5.74,3.0,96,takeoff,58.93,4857,989,46.4,9.0,5
990,3.14,12.5,96,climb,48.33,4857,990,46.4,9.0,5
991,6.44,12.0,96,cruise,20.59,4857,991,46.4,9.0,5
992,0.02,0.0,96,slow flight,1.42,4857,992,46.4,9.0,5
993,0.1,0.0,96,power off stall,1.38,4857,993,46.4,9.0,5
994,0.02,0.0,96,slow flight,3.59,4857,994,46.4,9.0,5
995,0.06,0.0,96,power off stall,0.9,4857,995,46.4,9.0,5
996,0.12,0.0,96,slow flight,9.63,4857,996,46.4,9.0,5
997,0.68,1.0,96,cruise,20.13,4857,997,46.4,9.0,5
998,0.24,0.5,96,climb,45.57,4857,998,46.4,9.0,5
999,2.08,3.5,96,cruise,18.32,4857,999,46.4,9.0,5
1000,0.14,0.5,96,slow flight,0.21,4857,1000,46.4,9.0,5
1001,0.28,0.0,96,power off stall,0.21,4857,1001,46.4,9.0,5
1002,0.0,0.0,96,slow flight,23.54,4857,1002,46.4,9.0,5
1003,0.58,1.5,96,climb,44.32,4857,1003,46.4,9.0,5
1004,0.24,1.0,96,cruise,23.94,4857,1004,46.4,9.0,5
1005,0.1,0.0,96,slow flight,0.28,4857,1005,46.4,9.0,5
1006,0.32,0.5,96,power off stall,0.14,4857,1006,46.4,9.0,5
1007,0.0,0.0,96,slow flight,25.38,4857,1007,46.4,9.0,5
1008,0.38,1.0,96,climb,54.26,4857,1008,46.4,9.0,5
1009,1.36,2.46,96,cruise,14.82,4857,1009,46.4,9.0,5
1010,0.02,0.0,96,slow flight,14.04,4857,1010,46.4,9.0,5
1011,0.02,0.0,96,cruise,15.0,4857,1011,46.4,9.0,5
1012,0.5,1.0,96,slow flight,14.59,4857,1012,46.4,9.0,5
1013,0.0,0.0,96,steep turns,26.71,4857,1013,46.4,9.0,5
1014,0.0,0.0,96,cruise,34.96,4857,1014,46.4,9.0,5
1015,0.06,0.0,96,climb,39.79,4857,1015,46.4,9.0,5
1016,1.02,2.0,96,cruise,25.12,4857,1016,46.4,9.0,5
1017,0.28,1.0,96,steep turns,21.82,4857,1017,46.4,9.0,5
1018,0.3,0.0,96,cruise,22.23,4857,1018,46.4,9.0,5
1019,1.7,3.12,96,cruise,20.62,4857,1019,46.4,9.0,5
1020,0.38,0.5,96,steep turns,19.71,4857,1020,46.4,9.0,5
1021,0.12,0.0,96,cruise,15.51,4857,1021,46.4,9.0,5
1022,0.08,0.5,96,slow flight,7.26,4857,1022,46.4,9.0,5
1023,0.06,0.0,96,cruise,6.19,4857,1023,46.4,9.0,5
1024,0.84,0.5,96,slow flight,0.35,4857,1024,46.4,9.0,5
1025,1.74,0.0,96,descent,0.04,4857,1025,46.4,9.0,5
1026,2.1,3.0,96,cruise,19.22,4857,1026,46.4,9.0,5
1027,0.66,0.5,96,descent,0.03,4857,1027,46.4,9.0,5
1028,2.66,3.5,97,takeoff,59.97,4853,1028,46.4,2.0,3
1029,1.8,6.5,97,climb,45.48,4853,1029,46.4,2.0,3
1030,0.24,0.0,97,slow flight,0.8,4853,1030,48.2,6.0,3
1031,0.02,0.0,97,climb,45.51,4853,1031,46.4,2.0,3
1032,0.44,0.5,97,slow flight,0.0,4853,1032,46.4,2.0,3
1033,0.02,0.0,97,power off stall,0.02,4853,1033,46.4,1.0,3
1034,0.0,0.0,97,slow flight,13.42,4853,1034,46.4,2.0,3
1035,0.08,0.0,97,climb,55.04,4853,1035,48.2,6.0,3
1036,1.9,3.5,97,slow flight,1.56,4853,1036,46.4,3.0,3
1037,4.94,4.5,97,cruise,9.72,4853,1037,46.4,3.0,3
1038,2.72,0.5,97,landing,2.6,4853,1038,48.2,6.0,3
1039,1.0,3.62,97,takeoff,50.53,4853,1039,46.4,3.0,3
1040,1.26,4.5,97,climb,42.53,4853,1040,48.2,6.0,3
1041,1.18,2.38,97,cruise,20.36,4853,1041,46.4,2.0,3
1042,0.14,0.0,97,descent,0.46,4853,1042,48.2,6.0,3
1043,2.2,1.0,97,landing,0.07,4853,1043,46.4,2.0,3
1044,0.94,3.0,97,takeoff,52.2,4853,1044,46.4,1.0,3
1045,1.14,5.0,97,climb,44.67,4853,1045,46.4,2.0,3
1046,0.68,2.0,97,cruise,20.91,4853,1046,46.4,1.0,3
1047,0.4,0.0,97,descent,0.88,4853,1047,48.2,6.0,3
1048,8.16,4.0,97,takeoff,54.81,4850,1048,48.2,9.0,2
1049,1.12,4.5,97,climb,48.15,4850,1049,48.2,9.0,2
1050,1.22,2.0,97,cruise,13.97,4850,1050,48.2,9.0,2
1051,1.76,0.0,97,landing,0.24,4850,1051,48.2,9.0,2
1052,0.74,2.5,97,takeoff,55.06,4850,1052,50.0,9.0,5
1053,1.16,4.5,97,climb,44.75,4850,1053,48.2,9.0,2
1054,1.3,2.5,97,cruise,17.84,4850,1054,48.2,9.0,2
1055,2.24,0.5,97,landing,0.15,4850,1055,48.2,9.0,2
1056,0.8,2.62,97,takeoff,54.82,4850,1056,50.0,9.0,5
1057,1.06,4.0,97,climb,47.62,4850,1057,48.2,9.0,2
1058,1.16,3.0,97,cruise,20.41,4850,1058,48.2,9.0,2
1059,2.56,0.0,97,landing,0.14,4850,1059,48.2,9.0,2
1060,0.82,3.0,97,takeoff,53.59,4850,1060,50.0,9.0,5
1061,1.02,4.0,97,climb,47.86,4850,1061,48.2,9.0,2
1062,1.22,2.96,97,cruise,19.48,4850,1062,50.0,9.0,5
1063,0.56,0.0,97,landing,0.06,4850,1063,48.2,9.0,2
1064,1.88,0.5,97,landing,0.28,4850,1064,48.2,9.0,2
1065,0.84,3.0,97,takeoff,54.43,4850,1065,50.0,9.0,5
1066,0.94,4.38,97,climb,48.6,4850,1066,48.2,9.0,2
1067,1.22,2.0,97,cruise,19.23,4850,1067,50.0,9.0,5
1068,2.72,1.0,97,landing,0.51,4850,1068,48.2,9.0,2
1069,0.82,3.0,97,takeoff,53.78,4850,1069,50.0,9.0,5
1070,1.02,4.5,97,climb,49.56,4850,1070,48.2,9.0,2
1071,1.1,2.0,97,cruise,19.2,4850,1071,50.0,9.0,5
1072,0.0,0.0,97,descent,0.75,4850,1072,50.0,9.0,5
1073,6.54,3.96,98,takeoff,53.21,4842,1073,53.6,9.0,2
1074,1.12,4.5,98,climb,49.55,4842,1074,53.6,9.0,2
1075,0.76,1.5,98,cruise,13.47,4842,1075,53.6,9.0,2
1076,1.72,0.5,98,landing,0.2,4842,1076,53.6,9.0,2
1077,0.74,2.5,98,takeoff,57.35,4842,1077,53.6,9.0,2
1078,1.74,5.5,98,climb,39.91,4842,1078,53.6,9.0,2
1079,0.68,1.0,98,cruise,11.51,4842,1079,51.8,9.0,2
1080,2.32,0.5,98,landing,0.12,4842,1080,51.8,9.0,2
1081,1.02,3.0,98,takeoff,49.31,4842,1081,53.6,9.0,2
1082,1.2,4.38,98,climb,45.8,4842,1082,53.6,9.0,2
1083,1.42,2.88,98,cruise,20.63,4842,1083,51.8,9.0,2
1084,2.06,0.96,98,landing,0.4,4842,1084,51.8,9.0,2
1085,0.8,2.0,98,takeoff,43.82,4842,1085,53.6,9.0,2
1086,0.14,0.5,98,climb,35.68,4842,1086,53.6,9.0,2
1087,0.1,0.5,98,takeoff,45.97,4842,1087,53.6,9.0,2
1088,1.1,4.0,98,climb,43.05,4842,1088,53.6,9.0,2
1089,1.84,4.0,98,cruise,21.22,4842,1089,53.6,9.0,2
1090,0.7,0.0,98,landing,0.04,4842,1090,51.8,9.0,2
1091,1.98,0.5,98,landing,1.25,4842,1091,51.8,9.0,2
1092,0.86,2.5,98,takeoff,50.01,4842,1092,51.8,9.0,2
1093,1.22,4.54,98,climb,44.97,4842,1093,51.8,9.0,2
1094,1.08,3.0,98,cruise,20.27,4842,1094,53.6,9.0,2
1095,2.44,0.0,98,landing,0.16,4842,1095,53.6,9.0,2
1096,1.0,4.0,98,takeoff,47.75,4842,1096,53.6,9.0,2
1097,1.04,4.0,98,climb,49.3,4842,1097,51.8,9.0,2
1098,0.92,2.5,98,cruise,18.63,4842,1098,51.8,9.0,2
1099,0.02,0.0,98,descent,5.96,4842,1099,51.8,9.0,2
1100,6.54,3.96,98,takeoff,53.21,4845,1100,53.6,9.0,2
1101,1.12,4.5,98,climb,49.55,4845,1101,53.6,9.0,2
1102,0.76,1.5,98,cruise,13.47,4845,1102,53.6,9.0,2
1103,1.72,0.5,98,landing,0.2,4845,1103,53.6,9.0,2
1104,0.74,2.5,98,takeoff,57.35,4845,1104,53.6,9.0,2
1105,1.74,5.5,98,climb,39.91,4845,1105,53.6,9.0,2
1106,0.68,1.0,98,cruise,11.51,4845,1106,51.8,9.0,2
1107,2.32,0.5,98,landing,0.12,4845,1107,51.8,9.0,2
1108,1.02,3.0,98,takeoff,49.31,4845,1108,53.6,9.0,2
1109,1.2,4.38,98,climb,45.8,4845,1109,53.6,9.0,2
1110,1.42,2.88,98,cruise,20.63,4845,1110,51.8,9.0,2
1111,2.06,0.96,98,landing,0.4,4845,1111,51.8,9.0,2
1112,0.8,2.0,98,takeoff,43.82,4845,1112,53.6,9.0,2
1113,0.14,0.5,98,climb,35.68,4845,1113,53.6,9.0,2
1114,0.1,0.5,98,takeoff,45.97,4845,1114,53.6,9.0,2
1115,1.1,4.0,98,climb,43.05,4845,1115,53.6,9.0,2
1116,1.84,4.0,98,cruise,21.22,4845,1116,53.6,9.0,2
1117,0.7,0.0,98,landing,0.04,4845,1117,51.8,9.0,2
1118,1.98,0.5,98,landing,1.25,4845,1118,51.8,9.0,2
1119,0.86,2.5,98,takeoff,50.01,4845,1119,51.8,9.0,2
1120,1.22,4.54,98,climb,44.97,4845,1120,51.8,9.0,2
1121,1.08,3.0,98,cruise,20.27,4845,1121,53.6,9.0,2
1122,2.44,0.0,98,landing,0.16,4845,1122,53.6,9.0,2
1123,1.0,4.0,98,takeoff,47.75,4845,1123,53.6,9.0,2
1124,1.04,4.0,98,climb,49.3,4845,1124,51.8,9.0,2
1125,0.92,2.5,98,cruise,18.63,4845,1125,51.8,9.0,2
1126,0.02,0.0,98,descent,5.96,4845,1126,51.8,9.0,2
1127,7.5,3.0,97,takeoff,55.82,4802,1127,53.6,9.0,2
1128,2.92,11.5,97,climb,49.24,4802,1128,53.6,9.0,2
1129,0.32,0.0,97,slow flight,0.15,4802,1129,53.6,9.0,2
1130,0.04,0.0,97,power off stall,0.06,4802,1130,53.6,9.0,2
1131,0.02,0.0,97,slow flight,0.0,4802,1131,53.6,9.0,2
1132,2.88,3.5,97,power off stall,4.37,4802,1132,53.6,9.0,2
1133,0.8,2.42,97,climb,43.25,4802,1133,53.6,9.0,2
1134,0.38,0.0,97,slow flight,0.0,4802,1134,53.6,9.0,2
1135,0.08,0.0,97,power off stall,0.0,4802,1135,53.6,9.0,2
1136,0.04,0.0,97,slow flight,4.22,4802,1136,53.6,9.0,2
1137,1.52,2.0,97,steep turns,4.1,4802,1137,53.6,9.0,2
1138,12.28,8.0,98,takeoff,17.81,4795,1138,62.6,7.0,6
1139,1.16,2.5,98,climb,30.28,4795,1139,60.8,9.0,6
1140,0.48,0.62,98,takeoff,17.8,4795,1140,62.6,7.0,6
1141,0.04,0.0,98,climb,7.92,4795,1141,62.6,7.0,6
1142,4.1,4.5,98,takeoff,24.82,4795,1142,62.6,7.0,6
1143,1.46,4.5,98,climb,38.37,4795,1143,62.6,7.0,6
1144,0.08,0.0,98,takeoff,25.0,4795,1144,62.6,7.0,6
1145,0.14,0.5,98,climb,24.83,4795,1145,62.6,7.0,6
1146,0.06,0.0,98,takeoff,23.74,4795,1146,60.8,9.0,6
1147,0.0,0.0,98,climb,14.88,4795,1147,62.6,7.0,6
1148,4.08,4.54,98,takeoff,26.77,4795,1148,62.6,7.0,6
1149,0.18,0.5,98,takeoff,43.6,4795,1149,62.6,7.0,6
1150,0.5,2.0,98,climb,42.41,4795,1150,60.8,9.0,6
1151,0.0,0.0,98,takeoff,44.29,4795,1151,62.6,7.0,6
1152,0.38,1.5,98,climb,38.21,4795,1152,62.6,7.0,6
1153,0.0,0.0,98,takeoff,22.17,4795,1153,62.6,7.0,6
1154,0.44,1.0,98,climb,21.42,4795,1154,62.6,7.0,6
1155,4.08,5.21,98,takeoff,27.08,4795,1155,60.8,9.0,6
1156,0.44,1.5,98,climb,44.49,4795,1156,62.6,7.0,6
1157,0.0,0.0,98,takeoff,44.91,4795,1157,60.8,9.0,6
1158,0.08,0.5,98,climb,45.17,4795,1158,60.8,9.0,6
1159,0.18,0.88,98,takeoff,45.12,4795,1159,60.8,9.0,6
1160,0.88,2.0,98,climb,21.36,4795,1160,62.6,7.0,6
1161,3.34,4.0,98,takeoff,28.2,4795,1161,60.8,9.0,6
1162,0.42,1.5,98,climb,44.61,4795,1162,62.6,7.0,6
1163,0.38,1.04,98,takeoff,46.22,4795,1163,60.8,9.0,6
1164,0.44,2.0,98,climb,32.95,4795,1164,62.6,7.0,6
1165,0.08,0.0,98,takeoff,23.57,4795,1165,60.8,9.0,6
1166,2.22,2.0,98,climb,7.56,4795,1166,60.8,9.0,6
1167,2.26,3.0,98,takeoff,22.85,4795,1167,60.8,9.0,6
1168,0.08,0.92,98,climb,45.22,4795,1168,60.8,9.0,6
1169,0.3,1.0,98,takeoff,44.72,4795,1169,62.6,7.0,6
1170,0.02,0.0,98,climb,44.19,4795,1170,60.8,9.0,6
1171,0.5,2.0,98,takeoff,46.21,4795,1171,60.8,9.0,6
1172,0.28,1.0,98,climb,32.29,4795,1172,60.8,9.0,6
1173,0.18,0.88,98,takeoff,24.67,4795,1173,62.6,7.0,6
1174,0.18,0.0,98,climb,17.81,4795,1174,62.6,7.0,6
1175,0.0,0.0,98,takeoff,8.46,4795,1175,60.8,9.0,6
1176,1.36,0.5,98,climb,0.55,4795,1176,62.6,7.0,6
1177,13.02,7.5,98,takeoff,12.98,4792,1177,64.4,5.0,0
1178,0.0,0.0,98,climb,47.89,4792,1178,64.4,5.0,4
1179,0.24,1.0,98,takeoff,49.21,4792,1179,64.4,5.0,0
1180,0.18,0.55,98,climb,46.12,4792,1180,64.4,5.0,0
1181,0.44,1.5,98,takeoff,47.09,4792,1181,64.4,5.0,4
1182,0.06,0.29,98,climb,46.88,4792,1182,64.4,6.0,2
1183,0.24,0.62,98,takeoff,47.38,4792,1183,64.4,5.0,4
1184,7.38,17.5,98,climb,32.38,4792,1184,64.4,5.0,0
1185,0.1,0.5,98,cruise,18.58,4792,1185,64.4,5.0,0
1186,0.08,0.0,98,climb,2.3,4792,1186,64.4,6.0,2
1187,0.14,0.0,98,slow flight,0.0,4792,1187,64.4,6.0,2
1188,0.0,0.0,98,climb,0.0,4792,1188,64.4,6.0,2
1189,0.0,0.0,98,cruise,0.0,4792,1189,64.4,6.0,2
1190,0.1,0.0,98,power off stall,0.06,4792,1190,64.4,6.0,2
1191,1.42,2.5,98,climb,22.33,4792,1191,64.4,5.0,0
1192,0.12,0.5,98,cruise,11.74,4792,1192,64.4,5.0,0
1193,0.0,0.0,98,slow flight,1.89,4792,1193,64.4,5.0,4
1194,0.92,1.5,98,climb,23.44,4792,1194,64.4,5.0,4
1195,0.02,0.0,98,cruise,23.58,4792,1195,64.4,5.0,4
1196,2.12,3.5,98,climb,18.7,4792,1196,64.4,5.0,0
1197,1.88,0.5,98,cruise,0.06,4792,1197,64.4,5.0,4
1198,0.5,0.0,98,climb,0.22,4792,1198,64.4,5.0,0
1199,0.22,0.5,98,takeoff,17.14,4792,1199,64.4,5.0,0
1200,0.04,0.0,98,climb,13.67,4792,1200,64.4,6.0,2
1201,0.02,0.0,98,takeoff,14.97,4792,1201,64.4,5.0,0
1202,0.44,0.29,98,climb,12.92,4792,1202,64.4,5.0,0
1203,0.06,0.0,98,cruise,4.05,4792,1203,64.4,5.0,0
1204,0.64,1.5,98,takeoff,35.77,4792,1204,64.4,5.0,0
1205,0.08,0.0,98,takeoff,44.85,4792,1205,64.4,5.0,4
1206,0.26,1.0,98,climb,32.78,4792,1206,64.4,6.0,2
1207,0.1,0.0,98,takeoff,23.04,4792,1207,64.4,6.0,2
1208,1.36,2.5,98,climb,15.5,4792,1208,64.4,5.0,0
1209,0.0,0.0,98,takeoff,7.0,4792,1209,64.4,5.0,4
1210,0.0,0.0,98,cruise,7.0,4792,1210,64.4,5.0,4
1211,0.0,0.0,98,climb,7.0,4792,1211,64.4,5.0,0
1212,0.1,0.0,98,cruise,7.0,4792,1212,64.4,6.0,2
1213,0.0,0.0,98,climb,7.17,4792,1213,64.4,5.0,4
1214,0.28,0.46,98,takeoff,13.69,4792,1214,64.4,5.0,4
1215,0.0,0.0,98,climb,16.53,4792,1215,64.4,5.0,0
1216,0.0,0.0,98,takeoff,16.36,4792,1216,64.4,5.0,4
1217,0.02,0.0,98,climb,16.26,4792,1217,64.4,5.0,4
1218,0.0,0.0,98,takeoff,16.94,4792,1218,64.4,5.0,0
1219,0.02,0.0,98,climb,16.79,4792,1219,64.4,5.0,0
1220,0.12,0.0,98,cruise,17.0,4792,1220,64.4,5.0,0
1221,0.18,0.5,98,climb,15.36,4792,1221,64.4,5.0,0
1222,0.52,1.0,98,takeoff,26.13,4792,1222,64.4,6.0,2
1223,0.18,0.5,98,climb,22.38,4792,1223,64.4,6.0,2
1224,0.02,0.0,98,takeoff,19.0,4792,1224,64.4,5.0,4
1225,0.0,0.0,98,climb,19.0,4792,1225,64.4,6.0,2
1226,0.54,1.0,98,takeoff,22.0,4792,1226,64.4,5.0,0
1227,0.32,1.0,98,cruise,16.11,4792,1227,64.4,6.0,2
1228,0.06,0.0,98,takeoff,19.07,4792,1228,64.4,6.0,2
1229,0.2,0.0,98,climb,11.76,4792,1229,64.4,6.0,2
1230,0.02,0.0,98,cruise,4.97,4792,1230,64.4,5.0,4
1231,0.02,0.0,98,landing,1.36,4792,1231,64.4,5.0,4
1232,0.1,0.0,98,takeoff,7.19,4792,1232,64.4,6.0,2
1233,0.04,0.12,98,cruise,2.87,4792,1233,64.4,5.0,0
1234,0.02,0.0,98,climb,3.62,4792,1234,64.4,5.0,0
1235,0.0,0.0,98,cruise,3.31,4792,1235,64.4,5.0,4
1236,0.06,0.0,98,takeoff,9.34,4792,1236,64.4,5.0,4
1237,0.0,0.0,98,climb,11.14,4792,1237,64.4,5.0,0
1238,0.4,0.5,98,takeoff,12.87,4792,1238,64.4,5.0,0
1239,0.02,0.0,98,climb,0.03,4792,1239,64.4,5.0,0
1240,1.68,0.5,98,takeoff,3.46,4792,1240,64.4,5.0,4
1241,0.08,0.0,98,landing,2.13,4792,1241,64.4,5.0,0
1242,0.0,0.0,98,takeoff,0.89,4792,1242,64.4,5.0,0
1243,0.1,0.0,98,landing,0.07,4792,1243,64.4,5.0,0
1244,0.02,0.0,98,takeoff,0.0,4792,1244,64.4,6.0,2
1245,0.26,0.0,98,landing,0.08,4792,1245,64.4,6.0,2
1246,0.0,0.0,98,takeoff,0.0,4792,1246,64.4,5.0,4
1247,0.08,0.0,98,landing,0.0,4792,1247,64.4,5.0,4
1248,9.8,5.5,97,takeoff,20.12,4790,1248,53.6,9.0,0
1249,0.06,0.5,97,climb,45.79,4790,1249,53.6,9.0,0
1250,0.24,1.0,97,takeoff,47.17,4790,1250,51.8,6.0,2
1251,0.26,1.0,97,climb,47.26,4790,1251,53.6,9.0,0
1252,0.0,0.0,97,takeoff,48.58,4790,1252,53.6,9.0,0
1253,0.04,0.0,97,climb,48.64,4790,1253,51.8,6.0,2
1254,0.0,0.0,97,takeoff,48.92,4790,1254,53.6,9.0,0
1255,0.02,0.29,97,climb,49.15,4790,1255,51.8,6.0,2
1256,0.0,0.0,97,takeoff,49.21,4790,1256,53.6,9.0,0
1257,0.14,0.5,97,climb,47.65,4790,1257,51.8,6.0,2
1258,0.0,0.0,97,takeoff,48.0,4790,1258,53.6,9.0,0
1259,0.52,2.0,97,climb,46.71,4790,1259,51.8,6.0,2
1260,0.46,2.0,97,takeoff,46.41,4790,1260,53.6,9.0,0
1261,7.7,18.5,97,climb,30.27,4790,1261,51.8,6.0,2
1262,4.04,7.0,97,climb,20.17,4790,1262,53.6,9.0,0
1263,0.06,0.0,97,slow flight,0.33,4790,1263,51.8,6.0,2
1264,4.54,7.0,97,climb,19.72,4790,1264,53.6,9.0,0
1265,0.3,0.0,97,takeoff,10.02,4790,1265,53.6,9.0,0
1266,0.02,0.0,97,climb,10.08,4790,1266,53.6,9.0,0
1267,3.54,5.0,97,takeoff,16.19,4790,1267,53.6,9.0,0
1268,0.0,0.0,97,climb,17.04,4790,1268,53.6,9.0,0
1269,0.12,0.0,97,takeoff,18.28,4790,1269,51.8,6.0,2
1270,0.14,0.04,97,climb,7.58,4790,1270,53.6,9.0,0
1271,13.96,7.0,97,takeoff,17.21,4785,1271,48.2,7.0,4
1272,0.0,0.0,97,climb,46.46,4785,1272,48.2,7.0,4
1273,0.0,0.0,97,takeoff,46.5,4785,1273,48.2,7.0,4
1274,0.36,1.04,97,climb,46.06,4785,1274,48.2,7.0,4
1275,0.0,0.0,97,takeoff,46.25,4785,1275,48.2,7.0,4
1276,0.04,0.0,97,climb,46.42,4785,1276,48.2,7.0,4
1277,0.0,0.0,97,takeoff,46.42,4785,1277,48.2,7.0,4
1278,0.0,0.0,97,climb,35.58,4785,1278,46.4,9.0,2
1279,0.04,0.0,97,takeoff,24.47,4785,1279,48.2,7.0,4
1280,0.12,0.5,97,climb,22.96,4785,1280,48.2,7.0,4
1281,0.08,0.0,97,takeoff,22.62,4785,1281,46.4,9.0,2
1282,0.58,1.21,97,climb,22.29,4785,1282,46.4,9.0,2
1283,0.12,0.0,97,takeoff,27.31,4785,1283,46.4,9.0,2
1284,0.26,0.5,97,climb,4.12,4785,1284,46.4,9.0,2
1285,3.04,2.5,97,takeoff,45.03,4785,1285,48.2,7.0,4
1286,0.32,1.0,97,climb,43.25,4785,1286,48.2,7.0,4
1287,1.56,4.79,97,takeoff,36.46,4785,1287,48.2,7.0,4
1288,0.16,0.5,97,climb,19.49,4785,1288,48.2,7.0,4
1289,0.02,0.0,97,takeoff,25.5,4785,1289,48.2,7.0,4
1290,0.16,0.5,97,climb,24.0,4785,1290,48.2,7.0,4
1291,0.48,1.0,97,takeoff,30.63,4785,1291,48.2,7.0,4
1292,0.4,0.5,97,climb,5.81,4785,1292,46.4,9.0,2
1293,3.5,5.5,97,takeoff,39.02,4785,1293,48.2,7.0,4
1294,0.5,2.0,97,takeoff,41.87,4785,1294,48.2,7.0,4
1295,0.0,0.0,97,climb,12.13,4785,1295,48.2,7.0,4
1296,0.28,0.5,97,takeoff,22.79,4785,1296,48.2,7.0,4
1297,0.34,0.5,97,climb,26.57,4785,1297,46.4,9.0,2
1298,0.34,1.0,97,takeoff,30.65,4785,1298,46.4,9.0,2
1299,0.18,0.29,97,climb,7.27,4785,1299,48.2,7.0,4
1300,4.06,5.5,97,takeoff,47.11,4785,1300,46.4,9.0,2
1301,0.08,0.82,97,climb,45.76,4785,1301,48.2,7.0,4
1302,0.0,0.0,97,takeoff,46.33,4785,1302,48.2,7.0,4
1303,0.02,0.0,97,climb,46.73,4785,1303,46.4,9.0,2
1304,0.08,0.0,97,takeoff,46.36,4785,1304,48.2,7.0,4
1305,0.0,0.0,97,climb,45.79,4785,1305,46.4,9.0,2
1306,0.06,0.5,97,takeoff,47.05,4785,1306,46.4,9.0,2
1307,0.28,1.0,97,climb,35.12,4785,1307,48.2,7.0,4
1308,0.48,1.0,97,takeoff,23.9,4785,1308,46.4,9.0,2
1309,0.5,1.0,97,climb,17.15,4785,1309,48.2,7.0,4
1310,0.3,1.0,97,takeoff,23.82,4785,1310,46.4,9.0,2
1311,1.1,0.5,97,climb,0.34,4785,1311,46.4,9.0,2
1312,2.7,4.54,97,takeoff,27.75,4785,1312,46.4,9.0,2
1313,0.54,2.21,97,climb,45.57,4785,1313,46.4,9.0,2
1314,0.06,0.0,97,takeoff,44.35,4785,1314,48.2,7.0,4
1315,0.02,0.0,97,climb,42.96,4785,1315,46.4,9.0,2
1316,0.08,0.46,97,takeoff,42.67,4785,1316,46.4,9.0,2
1317,0.18,0.5,97,climb,31.08,4785,1317,46.4,9.0,2
1318,0.0,0.0,97,takeoff,22.67,4785,1318,46.4,9.0,2
1319,0.62,1.5,97,climb,12.73,4785,1319,48.2,7.0,4
1320,0.1,0.5,97,takeoff,6.12,4785,1320,46.4,9.0,2
1321,0.12,0.0,97,climb,0.27,4785,1321,46.4,9.0,2
1322,0.0,0.0,97,takeoff,0.0,4785,1322,48.2,7.0,4
1323,0.04,0.0,97,climb,0.92,4785,1323,48.2,7.0,4
1324,1.72,0.0,97,takeoff,0.88,4785,1324,48.2,7.0,4
1325,0.0,0.0,97,landing,1.88,4785,1325,48.2,7.0,4
1326,1.24,4.0,97,takeoff,45.94,4785,1326,46.4,9.0,2
1327,1.86,6.0,97,climb,27.82,4785,1327,48.2,7.0,4
1328,0.22,0.0,97,takeoff,9.27,4785,1328,46.4,9.0,2
1329,0.16,0.0,97,climb,11.77,4785,1329,48.2,7.0,4
1330,0.24,0.0,97,takeoff,13.74,4785,1330,48.2,7.0,4
1331,0.0,0.0,97,climb,6.75,4785,1331,46.4,9.0,2
1332,0.02,0.0,97,takeoff,3.92,4785,1332,48.2,7.0,4
1333,0.5,1.0,97,climb,0.01,4785,1333,46.4,9.0,2
1334,0.94,0.0,97,takeoff,0.01,4785,1334,46.4,9.0,2
1335,0.1,0.0,97,landing,0.0,4785,1335,46.4,9.0,2
1336,8.46,5.5,96,takeoff,17.65,4783,1336,53.6,8.0,4
1337,0.56,2.0,96,climb,45.69,4783,1337,53.6,3.0,3
1338,0.2,1.0,96,takeoff,46.58,4783,1338,53.6,2.5,2
1339,0.66,2.0,96,climb,36.96,4783,1339,53.6,4.0,3
1340,0.06,0.5,96,cruise,29.98,4783,1340,53.6,8.0,4
1341,1.28,2.0,96,climb,18.55,4783,1341,53.6,9.0,0
1342,0.0,0.0,96,takeoff,16.99,4783,1342,53.6,4.0,3
1343,0.0,0.0,96,climb,16.82,4783,1343,53.6,3.0,3
1344,0.02,0.0,96,cruise,16.3,4783,1344,53.6,3.0,3
1345,0.12,0.5,96,takeoff,18.86,4783,1345,53.6,2.25,0
1346,0.08,0.0,96,climb,15.51,4783,1346,53.6,1.5,2
1347,0.02,0.0,96,cruise,17.91,4783,1347,53.6,3.0,3
1348,0.04,0.0,96,takeoff,18.59,4783,1348,53.6,8.0,4
1349,0.02,0.0,96,cruise,16.59,4783,1349,53.6,3.0,0
1350,0.08,0.12,96,takeoff,19.59,4783,1350,53.6,3.0,3
1351,0.12,0.0,96,climb,12.03,4783,1351,53.6,3.0,3
1352,0.0,0.0,96,cruise,9.15,4783,1352,53.6,2.25,0
1353,0.0,0.0,96,takeoff,15.35,4783,1353,53.6,3.0,3
1354,0.0,0.0,96,climb,18.99,4783,1354,53.6,2.25,0
1355,0.04,0.0,96,takeoff,19.16,4783,1355,53.6,3.0,3
1356,0.0,0.0,96,climb,18.05,4783,1356,53.6,3.0,0
1357,0.02,0.29,96,cruise,17.28,4783,1357,53.6,3.0,3
1358,0.06,0.0,96,climb,14.9,4783,1358,53.6,4.0,3
1359,0.2,0.0,96,takeoff,15.66,4783,1359,53.6,3.0,3
1360,0.0,0.0,96,climb,19.03,4783,1360,53.6,4.0,3
1361,0.32,0.5,96,cruise,18.07,4783,1361,53.6,2.5,2
1362,0.0,0.0,96,climb,19.42,4783,1362,53.6,2.5,2
1363,0.42,0.5,96,takeoff,21.14,4783,1363,53.6,9.0,0
1364,0.08,0.5,96,climb,15.35,4783,1364,53.6,2.5,2
1365,1.4,2.0,96,takeoff,19.78,4783,1365,53.6,8.0,4
1366,0.02,0.04,96,climb,14.99,4783,1366,53.6,2.25,0
1367,0.1,0.0,96,cruise,11.65,4783,1367,53.6,1.5,2
1368,0.0,0.0,96,climb,8.15,4783,1368,53.6,4.0,3
1369,0.46,0.0,96,cruise,4.07,4783,1369,53.6,4.0,3
1370,0.08,0.0,96,climb,3.03,4783,1370,53.6,8.0,4
1371,0.82,0.5,96,takeoff,8.78,4783,1371,53.6,2.25,0
1372,0.16,0.0,96,landing,8.18,4783,1372,53.6,8.0,4
1373,0.38,0.0,96,takeoff,3.06,4783,1373,53.6,9.0,0
1374,0.0,0.0,96,landing,0.83,4783,1374,53.6,8.0,4
1375,0.72,1.5,96,takeoff,47.03,4783,1375,53.6,2.25,0
1376,1.6,5.12,96,climb,36.84,4783,1376,53.6,4.0,3
1377,0.34,0.5,96,takeoff,25.85,4783,1377,53.6,9.0,0
1378,0.0,0.0,96,climb,23.95,4783,1378,53.6,9.0,0
1379,0.32,1.0,96,cruise,19.06,4783,1379,53.6,4.0,3
1380,0.02,0.0,96,takeoff,18.13,4783,1380,53.6,1.5,2
1381,0.36,0.5,96,climb,13.14,4783,1381,53.6,2.5,2
1382,0.06,0.0,96,cruise,5.5,4783,1382,53.6,2.25,0
1383,0.0,0.0,96,takeoff,0.92,4783,1383,53.6,8.0,4
1384,0.38,0.5,96,cruise,1.02,4783,1384,53.6,2.25,0
1385,0.74,0.0,96,landing,0.73,4783,1385,53.6,2.5,2
1386,0.08,0.0,96,takeoff,0.11,4783,1386,53.6,8.0,4
1387,0.2,0.0,96,landing,0.45,4783,1387,53.6,1.5,2
1388,0.32,0.0,96,takeoff,1.21,4783,1388,53.6,8.0,4
1389,0.1,0.0,96,landing,0.76,4783,1389,53.6,8.0,4
1390,1.44,4.96,96,takeoff,47.23,4783,1390,53.6,3.0,0
1391,0.32,1.0,96,climb,42.87,4783,1391,53.6,3.0,3
1392,0.36,1.0,96,cruise,17.79,4783,1392,53.6,2.5,2
1393,0.46,1.0,96,takeoff,16.34,4783,1393,53.6,1.5,2
1394,0.02,0.0,96,climb,13.2,4783,1394,53.6,8.0,4
1395,0.06,0.0,96,takeoff,19.29,4783,1395,53.6,2.25,0
1396,0.0,0.0,96,climb,17.09,4783,1396,53.6,4.0,3
1397,0.0,0.0,96,cruise,14.48,4783,1397,53.6,4.0,3
1398,0.0,0.0,96,climb,11.5,4783,1398,53.6,2.25,0
1399,0.16,0.0,96,cruise,5.27,4783,1399,53.6,3.0,3
1400,0.2,0.5,96,takeoff,12.46,4783,1400,53.6,4.0,3
1401,0.22,0.0,96,climb,4.46,4783,1401,53.6,2.25,0
1402,0.08,0.21,96,takeoff,4.8,4783,1402,53.6,9.0,0
1403,1.14,0.0,96,cruise,0.14,4783,1403,53.6,4.0,3
1404,0.2,0.0,96,landing,2.87,4783,1404,53.6,8.0,4
1405,0.16,0.0,96,takeoff,4.45,4783,1405,53.6,3.0,3
1406,0.32,0.0,96,landing,2.7,4783,1406,53.6,9.0,0
1407,0.0,0.0,96,takeoff,2.59,4783,1407,53.6,1.5,2
1408,0.04,0.0,96,landing,0.42,4783,1408,53.6,3.0,3
1409,1.02,3.0,96,takeoff,45.65,4783,1409,53.6,1.5,2
1410,1.08,4.0,96,climb,37.99,4783,1410,53.6,3.0,3
1411,0.4,1.0,96,cruise,18.2,4783,1411,53.6,8.0,4
1412,0.0,0.0,96,takeoff,15.98,4783,1412,53.6,9.0,0
1413,0.0,0.0,96,climb,15.72,4783,1413,53.6,2.25,0
1414,0.14,0.0,96,cruise,14.95,4783,1414,53.6,8.0,4
1415,0.0,0.0,96,climb,19.28,4783,1415,53.6,3.0,0
1416,0.36,1.0,96,takeoff,20.14,4783,1416,53.6,4.0,3
1417,0.0,0.0,96,climb,18.98,4783,1417,53.6,2.5,2
1418,0.06,0.0,96,cruise,18.83,4783,1418,53.6,3.0,0
1419,0.0,0.0,96,climb,18.64,4783,1419,53.6,9.0,0
1420,2.38,3.0,96,cruise,14.92,4783,1420,53.6,8.0,4
1421,0.02,0.0,96,climb,10.13,4783,1421,53.6,9.0,0
1422,0.26,0.5,96,cruise,4.84,4783,1422,53.6,2.25,0
1423,0.26,0.38,96,climb,1.43,4783,1423,53.6,2.5,2
1424,0.02,0.0,96,takeoff,5.0,4783,1424,53.6,3.0,0
1425,0.0,0.0,96,climb,5.0,4783,1425,53.6,8.0,4
1426,0.06,0.0,96,takeoff,5.0,4783,1426,53.6,2.25,0
1427,0.04,0.0,96,climb,5.0,4783,1427,53.6,2.25,0
1428,0.04,0.0,96,takeoff,4.94,4783,1428,53.6,3.0,3
1429,0.0,0.0,96,climb,4.84,4783,1429,53.6,2.25,0
1430,0.0,0.0,96,cruise,4.36,4783,1430,53.6,9.0,0
1431,0.04,0.0,96,takeoff,4.65,4783,1431,53.6,4.0,3
1432,0.4,0.0,96,cruise,0.46,4783,1432,53.6,3.0,0
1433,0.0,0.0,96,climb,3.77,4783,1433,53.6,3.0,0
1434,1.26,0.5,96,takeoff,5.85,4783,1434,53.6,4.0,3
1435,0.24,0.0,96,takeoff,3.84,4783,1435,53.6,1.5,2
1436,0.04,0.0,96,landing,0.62,4783,1436,53.6,2.25,0
1437,0.82,2.5,96,takeoff,45.88,4783,1437,53.6,1.5,2
1438,1.36,5.0,96,climb,38.28,4783,1438,53.6,3.0,0
1439,0.3,1.0,96,cruise,19.63,4783,1439,53.6,8.0,4
1440,0.02,0.0,96,takeoff,14.94,4783,1440,53.6,1.5,2
1441,0.3,0.0,96,climb,12.21,4783,1441,53.6,9.0,0
1442,0.04,0.04,96,takeoff,16.74,4783,1442,53.6,8.0,4
1443,0.0,0.0,96,climb,15.06,4783,1443,53.6,4.0,3
1444,0.06,0.0,96,cruise,11.98,4783,1444,53.6,8.0,4
1445,0.04,0.14,96,takeoff,19.38,4783,1445,53.6,4.0,3
1446,0.38,0.0,96,climb,10.82,4783,1446,53.6,1.5,2
1447,1.04,0.5,96,cruise,0.18,4783,1447,53.6,2.5,2
1448,0.62,0.0,96,landing,2.29,4783,1448,53.6,3.0,3
1449,0.22,0.0,96,takeoff,4.56,4783,1449,53.6,4.0,3
1450,0.34,0.5,96,landing,2.24,4783,1450,53.6,9.0,0
1451,0.0,0.0,96,takeoff,1.9,4783,1451,53.6,1.5,2
1452,0.08,0.0,96,landing,0.0,4783,1452,53.6,2.25,0
1453,0.0,0.0,96,takeoff,0.0,4783,1453,53.6,2.25,0
1454,0.12,0.0,96,landing,0.04,4783,1454,53.6,2.25,0
1455,15.74,4.0,96,takeoff,14.6,4780,1455,57.2,8.0,3
1456,0.04,0.0,96,climb,48.62,4780,1456,57.2,9.0,3
1457,0.08,0.17,96,takeoff,48.51,4780,1457,57.2,8.0,3
1458,0.02,0.0,96,climb,48.25,4780,1458,57.2,9.0,3
1459,0.36,1.21,96,takeoff,48.68,4780,1459,57.2,8.0,3
1460,0.12,0.5,96,climb,46.96,4780,1460,57.2,9.0,3
1461,0.12,0.5,96,takeoff,47.58,4780,1461,57.2,9.0,3
1462,0.42,1.12,96,climb,34.48,4780,1462,57.2,9.0,3
1463,0.14,0.0,96,takeoff,25.61,4780,1463,57.2,8.0,3
1464,0.02,0.12,96,climb,24.0,4780,1464,57.2,8.0,3
1465,0.06,0.0,96,takeoff,24.04,4780,1465,57.2,8.0,3
1466,0.04,0.0,96,climb,21.24,4780,1466,57.2,8.0,3
1467,4.1,5.0,96,takeoff,29.83,4780,1467,57.2,8.0,3
1468,0.0,0.0,96,climb,47.17,4780,1468,57.2,8.0,3
1469,0.02,0.0,96,takeoff,47.08,4780,1469,57.2,9.0,3
1470,0.06,0.0,96,climb,47.08,4780,1470,57.2,9.0,3
1471,0.18,0.68,96,takeoff,47.26,4780,1471,57.2,9.0,3
1472,0.54,2.0,96,climb,38.08,4780,1472,57.2,9.0,3
1473,0.18,0.5,96,takeoff,24.62,4780,1473,57.2,9.0,3
1474,0.8,1.5,96,climb,14.46,4780,1474,57.2,9.0,3
1475,0.26,0.0,96,takeoff,2.85,4780,1475,57.2,9.0,3
1476,1.74,4.5,96,takeoff,43.86,4780,1476,57.2,8.0,3
1477,0.0,0.0,96,climb,47.0,4780,1477,57.2,9.0,3
1478,0.18,0.5,96,takeoff,47.28,4780,1478,57.2,8.0,3
1479,1.1,3.0,96,climb,39.07,4780,1479,57.2,8.0,3
1480,0.74,1.5,96,takeoff,24.89,4780,1480,57.2,9.0,3
1481,0.06,0.0,96,climb,14.15,4780,1481,57.2,8.0,3
1482,0.18,0.5,96,takeoff,0.01,4780,1482,57.2,8.0,3
1483,0.0,0.0,96,climb,0.0,4780,1483,57.2,8.0,3
1484,2.14,4.0,96,takeoff,33.64,4780,1484,57.2,9.0,3
1485,0.0,0.0,96,climb,44.27,4780,1485,57.2,8.0,3
1486,0.0,0.0,96,takeoff,44.27,4780,1486,57.2,8.0,3
1487,0.02,0.0,96,climb,44.12,4780,1487,57.2,9.0,3
1488,0.0,0.0,96,takeoff,44.33,4780,1488,57.2,9.0,3
1489,0.52,1.5,96,climb,39.77,4780,1489,57.2,9.0,3
1490,0.16,0.0,96,takeoff,17.7,4780,1490,57.2,8.0,3
1491,0.14,0.0,96,climb,0.39,4780,1491,57.2,9.0,3
1492,2.32,4.5,96,takeoff,28.94,4780,1492,57.2,8.0,3
1493,0.0,0.0,96,climb,45.75,4780,1493,57.2,8.0,3
1494,0.02,0.0,96,takeoff,45.79,4780,1494,57.2,8.0,3
1495,0.04,0.5,96,climb,45.87,4780,1495,57.2,8.0,3
1496,0.28,1.0,96,takeoff,46.64,4780,1496,57.2,9.0,3
1497,0.08,0.0,96,climb,33.48,4780,1497,57.2,8.0,3
1498,0.06,0.29,96,takeoff,24.91,4780,1498,57.2,9.0,3
1499,1.2,2.0,96,climb,6.02,4780,1499,57.2,9.0,3
1500,2.44,6.0,96,takeoff,36.43,4780,1500,57.2,9.0,3
1501,0.98,3.0,96,climb,20.46,4780,1501,57.2,9.0,3
1502,0.24,0.0,96,takeoff,10.02,4780,1502,57.2,9.0,3
1503,0.0,0.0,96,climb,0.0,4780,1503,57.2,8.0,3
1504,1.48,3.5,96,takeoff,35.06,4780,1504,57.2,9.0,3
1505,1.86,5.5,96,climb,29.1,4780,1505,57.2,9.0,3
1506,0.62,0.0,96,takeoff,0.0,4780,1506,57.2,9.0,3
1507,0.0,0.0,96,landing,0.0,4780,1507,57.2,8.0,3
1508,8.72,4.5,96,takeoff,18.72,4766,1508,55.4,3.0,0
1509,0.52,2.0,96,climb,43.1,4766,1509,55.4,4.0,0
1510,0.18,0.5,96,takeoff,43.7,4766,1510,55.4,1.5,0
1511,0.06,0.38,96,climb,43.55,4766,1511,55.4,4.0,0
1512,0.22,0.5,96,takeoff,43.66,4766,1512,55.4,1.5,0
1513,0.02,0.21,96,climb,31.18,4766,1513,55.4,7.0,0
1514,0.02,0.0,96,cruise,20.67,4766,1514,55.4,1.5,0
1515,0.24,0.5,96,takeoff,25.0,4766,1515,57.2,4.0,0
1516,0.0,0.0,96,climb,23.28,4766,1516,55.4,4.0,2
1517,0.7,1.5,96,cruise,18.84,4766,1517,55.4,3.0,0
1518,0.0,0.0,96,climb,0.0,4766,1518,55.4,7.0,0
1519,0.08,0.0,96,cruise,0.0,4766,1519,55.4,4.0,2
1520,0.52,0.0,96,takeoff,0.03,4766,1520,55.4,1.5,0
1521,0.0,0.0,96,climb,2.22,4766,1521,55.4,7.0,0
1522,0.06,0.0,96,landing,0.12,4766,1522,55.4,3.0,0
1523,0.02,0.0,96,takeoff,2.92,4766,1523,57.2,4.0,0
1524,0.16,0.0,96,landing,1.34,4766,1524,55.4,7.0,0
1525,0.76,0.0,96,takeoff,7.67,4766,1525,55.4,4.0,2
1526,0.1,0.29,96,landing,7.9,4766,1526,57.2,4.0,0
1527,0.0,0.0,96,takeoff,4.96,4766,1527,55.4,4.0,0
1528,0.0,0.0,96,landing,2.94,4766,1528,55.4,3.0,0
1529,0.0,0.0,96,takeoff,0.14,4766,1529,55.4,4.0,0
1530,0.22,0.0,96,landing,0.0,4766,1530,55.4,3.0,0
1531,0.9,2.5,96,takeoff,45.67,4766,1531,55.4,1.5,0
1532,0.2,0.5,96,climb,45.19,4766,1532,55.4,1.5,0
1533,0.52,2.0,96,takeoff,44.77,4766,1533,55.4,3.0,0
1534,0.0,0.0,96,climb,44.44,4766,1534,55.4,4.0,0
1535,0.08,0.5,96,takeoff,44.81,4766,1535,55.4,4.0,0
1536,0.18,0.5,96,climb,44.05,4766,1536,55.4,7.0,0
1537,0.12,1.0,96,takeoff,42.63,4766,1537,55.4,4.0,0
1538,0.0,0.0,96,climb,32.74,4766,1538,55.4,4.0,0
1539,0.0,0.0,96,cruise,24.94,4766,1539,55.4,1.5,0
1540,0.48,1.0,96,takeoff,28.33,4766,1540,57.2,4.0,0
1541,0.0,0.0,96,climb,35.63,4766,1541,55.4,7.0,0
1542,0.02,0.0,96,cruise,30.35,4766,1542,55.4,3.0,0
1543,0.0,0.0,96,climb,21.93,4766,1543,55.4,4.0,2
1544,0.7,1.54,96,cruise,17.47,4766,1544,55.4,3.0,0
1545,0.0,0.0,96,takeoff,11.28,4766,1545,55.4,1.5,0
1546,0.94,0.0,96,cruise,0.03,4766,1546,55.4,3.0,0
1547,0.32,0.0,96,landing,0.5,4766,1547,55.4,3.0,0
1548,0.26,0.0,96,takeoff,3.92,4766,1548,55.4,4.0,2
1549,0.2,0.0,96,landing,1.45,4766,1549,55.4,3.0,0
1550,0.02,0.0,96,takeoff,3.56,4766,1550,55.4,7.0,0
1551,0.0,0.0,96,landing,4.97,4766,1551,55.4,4.0,0
1552,0.36,0.5,96,takeoff,9.65,4766,1552,55.4,4.0,0
1553,0.22,0.0,96,landing,0.0,4766,1553,55.4,4.0,0
1554,0.92,2.5,96,takeoff,45.82,4766,1554,55.4,4.0,0
1555,1.28,5.0,96,climb,41.89,4766,1555,57.2,4.0,0
1556,1.0,2.0,96,cruise,18.4,4766,1556,55.4,7.0,0
1557,0.0,0.0,96,climb,14.25,4766,1557,55.4,4.0,0
1558,0.02,0.0,96,cruise,3.81,4766,1558,55.4,3.0,0
1559,0.0,0.0,96,climb,0.0,4766,1559,55.4,1.5,0
1560,0.86,0.0,96,cruise,0.0,4766,1560,55.4,1.5,0
1561,0.9,0.0,96,landing,0.45,4766,1561,55.4,4.0,0
1562,0.12,0.0,96,takeoff,5.96,4766,1562,57.2,4.0,0
1563,0.04,0.0,96,landing,1.29,4766,1563,57.2,4.0,0
1564,0.32,0.0,96,takeoff,5.46,4766,1564,55.4,3.0,0
1565,0.26,0.5,96,landing,1.05,4766,1565,57.2,4.0,0
1566,0.0,0.0,96,takeoff,0.0,4766,1566,55.4,4.0,0
1567,0.0,0.0,96,landing,0.32,4766,1567,55.4,4.0,2
1568,0.92,2.5,96,takeoff,47.27,4766,1568,57.2,4.0,0
1569,0.92,4.0,96,climb,44.89,4766,1569,55.4,3.0,0
1570,0.08,0.0,96,takeoff,45.4,4766,1570,57.2,4.0,0
1571,0.0,0.0,96,climb,39.14,4766,1571,55.4,1.5,0
1572,0.06,0.0,96,cruise,31.54,4766,1572,55.4,4.0,2
1573,0.0,0.0,96,climb,26.81,4766,1573,55.4,4.0,0
1574,0.72,1.0,96,takeoff,24.39,4766,1574,55.4,1.5,0
1575,0.06,0.95,96,climb,23.0,4766,1575,55.4,1.5,0
1576,0.86,0.0,96,cruise,2.55,4766,1576,55.4,7.0,0
1577,0.38,0.0,96,landing,0.0,4766,1577,55.4,1.5,0
1578,0.7,0.0,96,takeoff,0.0,4766,1578,55.4,4.0,0
1579,0.02,0.0,96,landing,0.0,4766,1579,57.2,4.0,0
1580,0.24,0.0,96,takeoff,0.0,4766,1580,55.4,4.0,0
1581,0.0,0.0,96,landing,0.0,4766,1581,55.4,7.0,0
1582,0.0,0.0,96,takeoff,0.0,4766,1582,57.2,4.0,0
1583,0.22,0.0,96,landing,0.0,4766,1583,55.4,7.0,0
1584,0.0,0.0,96,takeoff,0.0,4766,1584,55.4,7.0,0
1585,0.04,0.0,96,landing,0.13,4766,1585,57.2,4.0,0
1586,1.34,5.0,96,takeoff,47.32,4766,1586,55.4,4.0,0
1587,0.44,2.0,96,climb,45.88,4766,1587,55.4,4.0,0
1588,0.06,0.0,96,takeoff,45.66,4766,1588,55.4,4.0,0
1589,0.04,0.0,96,climb,33.95,4766,1589,55.4,3.0,0
1590,0.74,2.0,96,takeoff,24.87,4766,1590,55.4,1.5,0
1591,0.06,0.0,96,climb,23.0,4766,1591,55.4,7.0,0
1592,0.1,1.0,96,takeoff,22.32,4766,1592,55.4,1.5,0
1593,0.0,0.0,96,climb,7.86,4766,1593,55.4,4.0,0
1594,0.1,0.0,96,cruise,0.01,4766,1594,55.4,7.0,0
1595,0.0,0.0,96,climb,0.0,4766,1595,55.4,7.0,0
1596,0.86,0.0,96,landing,0.0,4766,1596,55.4,1.5,0
1597,0.24,0.0,96,landing,0.0,4766,1597,57.2,4.0,0
1598,0.56,0.0,96,takeoff,0.0,4766,1598,55.4,4.0,0
1599,0.02,0.0,96,landing,0.0,4766,1599,55.4,3.0,0
1600,0.34,0.0,96,takeoff,0.0,4766,1600,55.4,3.0,0
1601,0.18,0.0,96,landing,0.0,4766,1601,55.4,7.0,0
1602,0.92,3.0,96,takeoff,47.45,4766,1602,57.2,4.0,0
1603,0.78,3.0,96,climb,44.83,4766,1603,55.4,3.0,0
1604,0.04,0.0,96,takeoff,45.54,4766,1604,55.4,1.5,0
1605,0.0,0.0,96,climb,45.1,4766,1605,55.4,7.0,0
1606,0.0,0.0,96,takeoff,45.19,4766,1606,55.4,3.0,0
1607,0.08,0.0,96,climb,45.19,4766,1607,55.4,7.0,0
1608,0.04,0.0,96,takeoff,45.05,4766,1608,55.4,3.0,0
1609,0.08,0.88,96,climb,29.76,4766,1609,55.4,1.5,0
1610,0.38,1.0,96,takeoff,24.09,4766,1610,57.2,4.0,0
1611,0.06,0.0,96,climb,23.48,4766,1611,55.4,4.0,0
1612,0.3,1.0,96,cruise,22.85,4766,1612,55.4,4.0,0
1613,0.02,0.0,96,climb,8.4,4766,1613,55.4,3.0,0
1614,1.06,0.0,96,cruise,0.01,4766,1614,55.4,4.0,2
1615,0.64,0.0,96,landing,0.0,4766,1615,57.2,4.0,0
1616,0.0,0.0,96,takeoff,0.0,4766,1616,55.4,4.0,2
1617,0.0,0.0,96,landing,0.0,4766,1617,57.2,4.0,0
1618,0.54,0.0,96,takeoff,0.0,4766,1618,55.4,3.0,0
1619,0.16,0.0,96,landing,0.0,4766,1619,55.4,1.5,0
1620,0.02,0.0,96,takeoff,0.0,4766,1620,55.4,1.5,0
1621,0.1,0.0,96,landing,0.0,4766,1621,55.4,4.0,0
1622,0.0,0.0,96,takeoff,0.0,4766,1622,55.4,7.0,0
1623,0.0,0.0,96,landing,0.0,4766,1623,55.4,7.0,0
1624,7.34,3.5,97,takeoff,50.0,4669,1624,51.8,9.0,3
1625,0.9,3.5,97,climb,48.22,4669,1625,51.8,9.0,3
1626,0.2,0.5,97,climb,47.71,4669,1626,62.6,9.0,4
1627,0.54,1.5,97,takeoff,51.4,4669,1627,62.6,9.0,4
1628,1.12,4.5,97,climb,49.83,4669,1628,62.6,9.0,4
1629,0.82,2.5,97,takeoff,49.65,4669,1629,51.8,9.0,3
1630,3.22,8.5,97,climb,45.75,4669,1630,51.8,9.0,3
1631,0.84,2.5,97,takeoff,48.23,4669,1631,62.6,9.0,4
1632,1.12,4.5,97,climb,47.56,4669,1632,62.6,9.0,4
1633,0.76,2.38,97,takeoff,48.14,4669,1633,51.8,9.0,3
1634,0.0,0.0,97,climb,50.54,4669,1634,51.8,9.0,3
1635,0.1,0.5,97,takeoff,51.86,4669,1635,62.6,9.0,4
1636,3.12,9.0,97,climb,41.09,4669,1636,51.8,9.0,3
1637,0.64,1.0,97,cruise,21.4,4669,1637,62.6,9.0,4
1638,6.44,3.0,97,takeoff,61.02,4636,1638,57.2,9.0,0
1639,0.9,4.0,97,climb,50.88,4636,1639,57.2,9.0,0
1640,0.64,1.71,97,takeoff,52.83,4636,1640,57.2,9.0,0
1641,0.64,2.46,97,climb,49.71,4636,1641,57.2,9.0,0
1642,0.68,2.21,97,takeoff,54.94,4636,1642,57.2,9.0,0
1643,1.22,4.5,97,climb,44.88,4636,1643,57.2,9.0,0
1644,1.1,2.0,97,cruise,18.23,4636,1644,57.2,9.0,0
1645,2.38,0.5,97,landing,0.66,4636,1645,57.2,9.0,0
1646,0.4,1.0,97,takeoff,59.02,4636,1646,57.2,9.0,0
1647,0.42,1.96,97,takeoff,49.98,4636,1647,57.2,9.0,2
1648,0.88,3.5,97,climb,49.46,4636,1648,57.2,9.0,0
1649,0.94,2.0,97,cruise,19.75,4636,1649,57.2,9.0,0
1650,2.32,1.0,97,landing,0.21,4636,1650,57.2,9.0,0
1651,0.9,2.5,97,takeoff,48.64,4636,1651,57.2,9.0,2
1652,1.06,3.96,97,climb,44.04,4636,1652,57.2,9.0,2
1653,1.24,2.38,97,cruise,19.8,4636,1653,57.2,9.0,0
1654,2.42,1.0,97,landing,0.62,4636,1654,57.2,9.0,2
1655,0.66,2.0,97,takeoff,52.76,4636,1655,57.2,9.0,0
1656,1.1,4.0,97,climb,46.44,4636,1656,57.2,9.0,0
1657,1.18,2.54,97,cruise,19.81,4636,1657,57.2,9.0,2
1658,2.16,0.5,97,landing,0.47,4636,1658,57.2,9.0,0
1659,0.74,2.5,97,takeoff,55.9,4636,1659,57.2,9.0,0
1660,1.0,4.83,97,climb,48.52,4636,1660,57.2,9.0,0
1661,1.66,3.0,97,cruise,20.28,4636,1661,57.2,9.0,2
1662,2.5,4.0,97,takeoff,52.56,4633,1662,55.4,9.0,4
1663,0.58,2.0,97,climb,48.24,4633,1663,55.4,9.0,4
1664,0.54,2.0,97,climb,48.05,4633,1664,55.4,9.0,4
1665,2.26,4.0,97,cruise,17.14,4633,1665,55.4,9.0,4
1666,1.42,0.5,97,landing,6.05,4633,1666,55.4,9.0,4
1667,0.0,0.0,97,takeoff,15.17,4633,1667,55.4,9.0,4
1668,0.02,0.0,97,landing,15.0,4633,1668,55.4,9.0,4
1669,1.4,3.0,97,takeoff,34.41,4633,1669,55.4,9.0,4
1670,1.14,4.46,97,climb,48.19,4633,1670,55.4,9.0,4
1671,2.18,3.0,97,cruise,14.09,4633,1671,55.4,9.0,4
1672,1.46,0.71,97,landing,6.36,4633,1672,55.4,9.0,4
1673,0.02,0.0,97,takeoff,14.17,4633,1673,55.4,9.0,4
1674,0.0,0.0,97,landing,14.5,4633,1674,55.4,9.0,4
1675,0.06,0.0,97,takeoff,15.06,4633,1675,55.4,9.0,4
1676,0.88,3.0,97,takeoff,57.0,4622,1676,44.6,9.0,4
1677,0.86,3.5,97,climb,53.67,4622,1677,50.0,9.0,5
1678,1.8,3.05,97,cruise,18.96,4622,1678,50.0,9.0,5
1679,1.64,0.0,97,landing,1.65,4622,1679,50.0,9.0,5
1680,0.72,2.5,97,takeoff,58.83,4622,1680,50.0,9.0,5
1681,0.94,4.0,97,climb,52.45,4622,1681,50.0,9.0,5
1682,2.16,4.0,97,cruise,17.11,4622,1682,50.0,9.0,5
1683,1.68,0.0,97,landing,0.3,4622,1683,44.6,9.0,4
1684,0.74,2.5,97,takeoff,55.22,4622,1684,44.6,9.0,4
1685,1.02,4.5,97,climb,51.31,4622,1685,50.0,9.0,5
1686,2.28,4.0,97,cruise,16.79,4622,1686,44.6,9.0,4
1687,2.0,0.0,97,landing,0.17,4622,1687,50.0,9.0,5
1688,0.86,3.04,97,takeoff,54.8,4622,1688,44.6,9.0,4
1689,0.88,4.0,97,climb,52.7,4622,1689,50.0,9.0,5
1690,1.72,3.5,97,cruise,18.44,4622,1690,44.6,9.0,4
1691,2.48,0.5,97,landing,0.66,4622,1691,44.6,9.0,4
1692,0.56,1.5,97,takeoff,60.91,4622,1692,50.0,9.0,5
1693,0.26,1.5,97,takeoff,62.13,4622,1693,44.6,9.0,4
1694,0.96,5.0,97,climb,53.42,4622,1694,50.0,9.0,5
1695,2.04,4.0,97,cruise,20.44,4622,1695,50.0,9.0,5
1696,0.42,0.5,97,landing,0.82,4622,1696,44.6,9.0,4
1697,0.24,0.0,97,cruise,18.24,4622,1697,50.0,9.0,5
1698,0.02,0.0,97,climb,24.96,4622,1698,50.0,9.0,5
1699,3.24,6.12,97,cruise,21.67,4622,1699,44.6,9.0,4
1700,0.32,0.0,97,descent,0.7,4622,1700,50.0,9.0,5
1701,0.98,3.17,97,takeoff,53.14,4620,1701,66.2,9.0,4
1702,0.88,3.5,97,climb,51.16,4620,1702,64.4,9.0,6
1703,1.28,2.0,97,cruise,14.82,4620,1703,66.2,9.0,4
1704,1.18,0.0,97,landing,0.69,4620,1704,66.2,9.0,4
1705,0.68,2.04,97,takeoff,52.72,4620,1705,64.4,9.0,6
1706,0.98,4.0,97,climb,43.69,4620,1706,64.4,9.0,6
1707,1.88,3.0,97,cruise,14.79,4620,1707,66.2,9.0,4
1708,1.38,0.0,97,landing,0.47,4620,1708,64.4,9.0,6
1709,0.88,3.0,97,takeoff,52.56,4620,1709,64.4,9.0,6
1710,0.64,2.5,97,climb,50.83,4620,1710,66.2,9.0,4
1711,2.38,4.88,97,cruise,19.16,4620,1711,66.2,9.0,4
1712,1.68,0.0,97,landing,0.0,4620,1712,66.2,9.0,4
1713,0.98,3.5,97,takeoff,58.2,4620,1713,66.2,9.0,4
1714,0.58,2.88,97,climb,49.67,4620,1714,64.4,9.0,6
1715,0.7,1.12,97,cruise,22.26,4620,1715,66.2,9.0,4
1716,0.78,1.88,97,cruise,18.25,4620,1716,66.2,9.0,4
1717,0.98,0.0,97,descent,3.29,4620,1717,64.4,9.0,6
1718,1.48,0.5,97,landing,1.6,4620,1718,64.4,9.0,6
1719,0.86,3.5,97,takeoff,59.76,4620,1719,64.4,9.0,6
1720,0.78,3.0,97,climb,40.12,4620,1720,64.4,9.0,6
1721,1.38,2.5,97,cruise,16.43,4620,1721,66.2,9.0,4
1722,0.78,0.0,97,descent,0.28,4620,1722,64.4,9.0,6
1723,0.98,0.0,97,landing,0.04,4620,1723,66.2,9.0,4
1724,1.08,4.0,97,takeoff,52.96,4620,1724,64.4,9.0,6
1725,0.78,3.5,97,climb,42.53,4620,1725,64.4,9.0,6
1726,2.18,4.29,97,cruise,19.96,4620,1726,64.4,9.0,6
1727,1.08,0.5,97,descent,0.0,4620,1727,64.4,9.0,6
